tf,session,setup,filters,target,trades,win%,PF,net$,/mo@0.5%,folds+,worst_fold$,robust
5m,all,ob,bias,fix2,2034,47.4,1.42,12870,536,6/6,998,True
5m,all,fvg,bias,fix2,2981,46.0,1.22,10992,458,5/6,-461,True
5m,all,ob,bias,fix3,2340,51.6,1.29,9264,386,6/6,274,True
5m,all,ob,bias,struct,2340,51.6,1.29,9264,386,6/6,274,True
15m,all,ob,bias,fix2,730,49.6,1.66,6700,279,6/6,789,True
5m,all,fvg,bias,fix3,3241,50.9,1.13,6583,274,5/6,-979,True
5m,all,fvg,bias,struct,3241,50.9,1.13,6583,274,5/6,-979,True
5m,asian,fvg,bias,fix2,1138,48.2,1.35,6251,260,6/6,173,True
15m,all,ob,bias,fix3,860,53.7,1.55,6025,251,6/6,438,True
15m,all,ob,bias,struct,860,53.7,1.55,6025,251,6/6,438,True
5m,all,ob,pd+bias,fix2,1531,43.7,1.22,5435,226,5/6,-66,True
5m,london+ny,ob,bias,fix2,1151,44.9,1.3,5310,221,6/6,200,True
5m,london+ny,fvg,bias,fix2,1232,46.3,1.25,4972,207,5/6,-695,True
15m,all,fvg,bias,fix2,1161,45.1,1.23,4466,186,6/6,319,True
5m,asian,fvg,bias,fix3,1220,53.0,1.25,4393,183,5/6,-89,True
5m,asian,fvg,bias,struct,1220,53.0,1.25,4393,183,5/6,-89,True
5m,asian,ob,bias,fix2,1029,44.8,1.26,4250,177,5/6,-244,True
5m,ny,ob,bias,fix2,760,45.5,1.33,3907,163,5/6,-181,True
5m,london+ny,ob,bias,fix3,1263,49.9,1.21,3730,155,6/6,76,True
5m,london+ny,ob,bias,struct,1263,49.9,1.21,3730,155,6/6,76,True
1h,all,fvg,bias,fix3,308,51.6,1.83,3612,150,6/6,162,True
1h,all,fvg,bias,struct,308,51.6,1.83,3612,150,6/6,162,True
5m,ny,fvg,bias,fix2,722,47.1,1.29,3427,143,5/6,-579,True
15m,all,ob,pd+bias,fix2,489,46.6,1.47,3396,142,6/6,112,True
15m,all,fvg,bias,fix3,1230,48.9,1.18,3345,139,6/6,151,True
15m,all,fvg,bias,struct,1230,48.9,1.18,3345,139,6/6,151,True
5m,ny,fvg,raw,fix2,1432,43.4,1.13,3147,131,5/6,-413,True
5m,all,ob,pd+bias,fix3,1655,48.5,1.12,3038,127,5/6,-424,True
5m,all,ob,pd+bias,struct,1655,48.5,1.12,3038,127,5/6,-424,True
5m,all,ob,pd+bias+sweep,fix2,1050,42.8,1.16,2859,119,5/6,-1,True
5m,asian,ob,bias,fix3,1150,49.9,1.17,2807,117,5/6,-560,True
5m,asian,ob,bias,struct,1150,49.9,1.17,2807,117,5/6,-560,True
5m,ny,ob,bias,fix3,819,50.3,1.24,2796,117,5/6,-71,True
5m,ny,ob,bias,struct,819,50.3,1.24,2796,117,5/6,-71,True
1h,all,ob,bias,fix3,292,51.7,1.71,2643,110,6/6,303,True
1h,all,ob,bias,struct,292,51.7,1.71,2643,110,6/6,303,True
1h,all,ob,bias,fix2,267,48.3,1.7,2556,107,6/6,301,True
15m,all,ob,pd+bias,fix3,546,50.5,1.34,2525,105,6/6,13,True
15m,all,ob,pd+bias,struct,546,50.5,1.34,2525,105,6/6,13,True
15m,london+ny,ob,bias,fix2,584,42.6,1.27,2446,102,6/6,120,True
5m,ny,fvg,bias,fix3,744,52.2,1.21,2275,95,5/6,-554,True
5m,ny,fvg,bias,struct,744,52.2,1.21,2275,95,5/6,-554,True
5m,london+ny,ob,pd+bias,fix2,763,42.6,1.18,2200,92,5/6,-47,True
1h,all,fvg,bias,fix2,297,48.8,1.5,2193,91,6/6,55,True
15m,london+ny,ob,bias,fix3,630,48.1,1.24,2187,91,6/6,220,True
15m,london+ny,ob,bias,struct,630,48.1,1.24,2187,91,6/6,220,True
15m,asian,fvg,bias,fix2,552,45.1,1.23,2125,89,5/6,-254,True
1h,london+ny,fvg,bias,fix3,164,51.8,1.87,1980,82,6/6,82,True
1h,london+ny,fvg,bias,struct,164,51.8,1.87,1980,82,6/6,82,True
15m,all,fvg,pd+bias,fix2,604,44.4,1.18,1866,78,5/6,-120,True
5m,london+ny,fvg,pd+bias,fix2,635,44.9,1.17,1826,76,5/6,-355,True
5m,london,ob,bias,fix2,604,43.0,1.18,1792,75,5/6,-167,True
5m,all,fvg,pd+bias+sweep,fix2,840,43.7,1.12,1728,72,5/6,-511,True
15m,all,ob,pd+bias+mss,fix2,306,44.8,1.35,1643,68,5/6,-36,True
5m,asian,fvg,pd+bias,fix2,533,45.0,1.17,1543,64,5/6,-805,True
5m,london+ny,fvg,pd+bias+sweep,fix2,322,46.9,1.28,1467,61,5/6,-73,True
5m,london+ny,ob,pd+bias,fix3,792,48.4,1.12,1404,59,5/6,-14,True
5m,london+ny,ob,pd+bias,struct,792,48.4,1.12,1404,59,5/6,-14,True
15m,ny,ob,bias,fix2,432,41.0,1.19,1331,55,5/6,-16,True
15m,all,ob,pd+bias+mss,fix3,316,49.4,1.29,1284,53,6/6,53,True
15m,all,ob,pd+bias+mss,struct,316,49.4,1.29,1284,53,6/6,53,True
5m,ny,fvg,pd+bias+sweep,fix2,183,49.7,1.45,1255,52,5/6,-57,True
15m,all,ob,pd+bias+sweep,fix2,355,41.7,1.22,1240,52,5/6,-246,True
1h,ny,ob,bias,fix2,150,46.7,1.57,1219,51,6/6,75,True
1h,london+ny,fvg,bias,fix2,163,48.5,1.5,1208,50,6/6,54,True
1h,london,fvg,bias,fix3,97,51.5,1.86,1168,49,6/6,35,True
1h,london,fvg,bias,struct,97,51.5,1.86,1168,49,6/6,35,True
1h,all,ob,raw,fix3,277,44.4,1.28,1142,48,5/6,-287,True
1h,all,ob,raw,struct,277,44.4,1.28,1142,48,5/6,-287,True
1h,ny,fvg,bias,fix3,95,51.6,1.84,1122,47,5/6,-67,True
1h,ny,fvg,bias,struct,95,51.6,1.84,1122,47,5/6,-67,True
1h,asian,fvg,bias,fix3,202,45.0,1.34,1100,46,5/6,-216,True
1h,asian,fvg,bias,struct,202,45.0,1.34,1100,46,5/6,-216,True
5m,ny,fvg,pd+bias,fix2,363,44.9,1.18,1085,45,5/6,-317,True
1h,ny,ob,bias,fix3,152,48.0,1.51,1076,45,6/6,54,True
1h,ny,ob,bias,struct,152,48.0,1.51,1076,45,6/6,54,True
5m,all,ob,pd+bias+sweep,fix3,1101,47.5,1.06,1069,45,5/6,-84,True
5m,all,ob,pd+bias+sweep,struct,1101,47.5,1.06,1069,45,5/6,-84,True
15m,ny,ob,bias,fix3,452,46.0,1.16,1046,44,6/6,52,True
15m,ny,ob,bias,struct,452,46.0,1.16,1046,44,6/6,52,True
5m,london+ny,fvg,pd+bias,fix3,641,50.4,1.11,1039,43,5/6,-271,True
5m,london+ny,fvg,pd+bias,struct,641,50.4,1.11,1039,43,5/6,-271,True
5m,asian,fvg,pd+bias,fix3,551,50.8,1.12,1005,42,5/6,-827,True
5m,asian,fvg,pd+bias,struct,551,50.8,1.12,1005,42,5/6,-827,True
1h,all,ob,pd+bias,fix2,142,45.1,1.48,988,41,6/6,60,True
5m,ny,ob,pd+bias+sweep,fix2,288,43.1,1.21,966,40,5/6,-487,True
15m,all,fvg,pd+bias+sweep,fix2,300,44.0,1.19,937,39,5/6,-285,True
1h,all,ob,pd+bias,fix3,143,47.6,1.46,913,38,6/6,29,True
1h,all,ob,pd+bias,struct,143,47.6,1.46,913,38,6/6,29,True
15m,ny,ob,pd+bias+mss,fix2,109,47.7,1.54,859,36,6/6,9,True
5m,london+ny,fvg,pd+bias+sweep,fix3,324,51.5,1.17,812,34,5/6,-43,True
5m,london+ny,fvg,pd+bias+sweep,struct,324,51.5,1.17,812,34,5/6,-43,True
1h,london+ny,fvg,pd+bias,fix3,68,48.5,1.78,781,33,5/6,-165,True
1h,london+ny,fvg,pd+bias,struct,68,48.5,1.78,781,33,5/6,-165,True
15m,london+ny,ob,pd+bias,fix2,353,40.2,1.13,771,32,5/6,-309,True
1h,london+ny,ob,bias,fix3,206,43.2,1.24,767,32,5/6,-3,True
1h,london+ny,ob,bias,struct,206,43.2,1.24,767,32,5/6,-3,True
15m,all,ob,pd+bias+sweep+mss,fix2,132,44.7,1.36,731,30,5/6,-137,True
15m,london+ny,ob,pd+bias+mss,fix2,153,43.8,1.3,729,30,5/6,-92,True
5m,ny,fvg,pd+bias+sweep,fix3,185,53.5,1.27,704,29,5/6,-25,True
5m,ny,fvg,pd+bias+sweep,struct,185,53.5,1.27,704,29,5/6,-25,True
15m,ny,ob,pd+bias+mss,fix3,110,52.7,1.47,676,28,5/6,-52,True
15m,ny,ob,pd+bias+mss,struct,110,52.7,1.47,676,28,5/6,-52,True
1h,london+ny,ob,bias,fix2,199,39.7,1.19,598,25,5/6,-10,True
1h,london,fvg,bias,fix2,97,46.4,1.39,587,24,5/6,-130,True
1h,ny,ob,pd+bias,fix2,68,47.1,1.57,556,23,6/6,16,True
15m,all,fvg,pd+bias+sweep,fix3,309,47.9,1.11,538,22,5/6,-337,True
15m,all,fvg,pd+bias+sweep,struct,309,47.9,1.11,538,22,5/6,-337,True
1h,all,fvg,pd+bias+sweep,fix3,67,47.8,1.53,534,22,6/6,28,True
1h,all,fvg,pd+bias+sweep,struct,67,47.8,1.53,534,22,6/6,28,True
1h,all,ob,raw,fix2,265,38.5,1.11,480,20,5/6,-245,True
15m,london+ny,fvg,pd+bias+sweep,fix2,138,44.2,1.21,475,20,5/6,-233,True
15m,ny,fvg,pd+bias+sweep,fix2,82,46.3,1.33,426,18,5/6,-26,True
5m,london,fvg,pd+bias+sweep,fix2,147,44.9,1.16,411,17,5/6,-238,True
1h,london+ny,fvg,raw,fix2,318,39.6,1.05,266,11,5/6,-391,True
1h,london,ob,pd+sweep,fix3,52,46.2,1.23,169,7,5/6,-28,True
1h,london,ob,pd+sweep,struct,52,46.2,1.23,169,7,5/6,-28,True
1h,asian,sweep,bias,fix2,98,38.8,1.1,157,7,5/6,-80,True
5m,all,fvg,pd+bias,fix2,1660,44.0,1.12,3508,146,4/6,-946,False
5m,london+ny,fvg,bias,fix3,1288,51.8,1.18,3425,143,4/6,-650,False
5m,london+ny,fvg,bias,struct,1288,51.8,1.18,3425,143,4/6,-650,False
5m,asian,fvg,raw,fix2,1970,42.7,1.08,2823,118,3/6,-769,False
15m,all,fvg,raw,fix2,1744,41.8,1.09,2586,108,4/6,-832,False
1h,all,fvg,raw,fix3,419,44.6,1.31,2082,87,4/6,-289,False
1h,all,fvg,raw,struct,419,44.6,1.31,2082,87,4/6,-289,False
5m,ny,ob,pd+bias,fix2,497,44.1,1.26,2034,85,4/6,-359,False
5m,london,fvg,bias,fix2,617,45.5,1.19,1963,82,4/6,-216,False
5m,all,fvg,raw,fix2,4358,41.5,1.02,1941,81,2/6,-1458,False
5m,all,fvg,pd+bias,fix3,1730,49.6,1.06,1699,71,4/6,-1406,False
5m,all,fvg,pd+bias,struct,1730,49.6,1.06,1699,71,4/6,-1406,False
15m,london+ny,fvg,bias,fix2,512,43.9,1.18,1570,65,4/6,-132,False
5m,all,ob,pd+bias+sweep+mss,fix2,344,45.3,1.29,1566,65,4/6,-298,False
5m,london,fvg,bias,fix3,648,51.7,1.16,1516,63,4/6,-192,False
5m,london,fvg,bias,struct,648,51.7,1.16,1516,63,4/6,-192,False
5m,all,fvg,pd+bias+sweep,fix3,849,50.5,1.11,1477,62,4/6,-438,False
5m,all,fvg,pd+bias+sweep,struct,849,50.5,1.11,1477,62,4/6,-438,False
5m,ny,ob,pd+bias,fix3,508,49.8,1.2,1438,60,4/6,-259,False
5m,ny,ob,pd+bias,struct,508,49.8,1.2,1438,60,4/6,-259,False
5m,london+ny,fvg,raw,fix2,2286,41.5,1.03,1352,56,3/6,-1294,False
15m,asian,fvg,bias,fix3,573,48.5,1.15,1340,56,3/6,-224,False
15m,asian,fvg,bias,struct,573,48.5,1.15,1340,56,3/6,-224,False
5m,ny,fvg,raw,fix3,1488,48.7,1.06,1313,55,4/6,-204,False
5m,ny,fvg,raw,struct,1488,48.7,1.06,1313,55,4/6,-204,False
15m,all,fvg,pd+bias,fix3,618,48.1,1.13,1286,54,3/6,-91,False
15m,all,fvg,pd+bias,struct,618,48.1,1.13,1286,54,3/6,-91,False
1h,all,fvg,raw,fix2,407,42.5,1.18,1235,51,4/6,-340,False
5m,london,ob,bias,fix3,665,48.9,1.12,1214,51,4/6,-299,False
5m,london,ob,bias,struct,665,48.9,1.12,1214,51,4/6,-299,False
15m,london+ny,fvg,bias,fix3,524,47.7,1.14,1166,49,4/6,-203,False
15m,london+ny,fvg,bias,struct,524,47.7,1.14,1166,49,4/6,-203,False
15m,all,ob,raw,fix2,934,38.9,1.07,1109,46,4/6,-773,False
1h,all,fvg,pd+bias,fix3,142,46.5,1.49,1085,45,4/6,-142,False
1h,all,fvg,pd+bias,struct,142,46.5,1.49,1085,45,4/6,-142,False
5m,london+ny,ob,pd+bias+sweep,fix2,461,41.9,1.14,1064,44,4/6,-258,False
5m,london,fvg,pd+bias,fix2,296,45.9,1.21,1036,43,4/6,-35,False
1h,asian,ob,raw,fix3,254,44.9,1.27,1034,43,4/6,-241,False
1h,asian,ob,raw,struct,254,44.9,1.27,1034,43,4/6,-241,False
15m,all,ob,raw,fix3,1027,44.6,1.07,1032,43,3/6,-481,False
15m,all,ob,raw,struct,1027,44.6,1.07,1032,43,3/6,-481,False
15m,all,fvg,raw,fix3,1865,45.7,1.03,1018,42,3/6,-762,False
15m,all,fvg,raw,struct,1865,45.7,1.03,1018,42,3/6,-762,False
1h,asian,ob,bias,fix3,164,47.0,1.4,930,39,4/6,-111,False
1h,asian,ob,bias,struct,164,47.0,1.4,930,39,4/6,-111,False
5m,all,ob,raw,fix2,2375,39.5,1.02,922,38,3/6,-801,False
5m,london+ny,ob,pd+bias+sweep+mss,fix2,144,47.2,1.43,922,38,4/6,-136,False
5m,all,ob,pd+bias+mss,fix2,821,41.0,1.06,877,37,4/6,-1086,False
15m,asian,fvg,pd+bias,fix2,232,45.3,1.22,857,36,4/6,-71,False
5m,ny,ob,pd+bias+sweep+mss,fix2,100,50.0,1.6,854,36,4/6,-122,False
15m,ny,fvg,bias,fix2,324,43.2,1.15,816,34,4/6,-229,False
15m,all,ob,pd+bias+sweep,fix3,381,46.5,1.14,803,33,4/6,-190,False
15m,all,ob,pd+bias+sweep,struct,381,46.5,1.14,803,33,4/6,-190,False
1h,london+ny,fvg,raw,fix3,323,40.9,1.13,742,31,3/6,-347,False
1h,london+ny,fvg,raw,struct,323,40.9,1.13,742,31,3/6,-347,False
15m,ny,fvg,raw,fix2,683,41.0,1.06,736,31,4/6,-555,False
15m,london,ob,raw,fix3,560,45.4,1.09,735,31,4/6,-185,False
15m,london,ob,raw,struct,560,45.4,1.09,735,31,4/6,-185,False
5m,ny,ob,pd+bias+sweep,fix3,296,49.3,1.17,734,31,4/6,-250,False
5m,ny,ob,pd+bias+sweep,struct,296,49.3,1.17,734,31,4/6,-250,False
1h,ny,fvg,raw,fix3,196,43.9,1.23,733,31,4/6,-517,False
1h,ny,fvg,raw,struct,196,43.9,1.23,733,31,4/6,-517,False
15m,london,fvg,bias,fix3,283,48.8,1.17,728,30,4/6,-151,False
15m,london,fvg,bias,struct,283,48.8,1.17,728,30,4/6,-151,False
1h,ny,fvg,bias,fix2,94,48.9,1.52,719,30,4/6,-134,False
15m,london,ob,raw,fix2,540,39.3,1.08,710,30,4/6,-402,False
5m,all,ob,pd+bias+sweep+mss,fix3,348,49.4,1.14,698,29,4/6,-359,False
5m,all,ob,pd+bias+sweep+mss,struct,348,49.4,1.14,698,29,4/6,-359,False
15m,asian,fvg,pd+bias,fix3,238,50.0,1.19,683,28,4/6,-20,False
15m,asian,fvg,pd+bias,struct,238,50.0,1.19,683,28,4/6,-20,False
5m,ny,ob,pd+bias+mss,fix2,216,43.1,1.19,681,28,3/6,-206,False
15m,london,fvg,bias,fix2,278,43.2,1.14,673,28,4/6,-448,False
5m,london+ny,ob,pd+bias+sweep,fix3,473,48.0,1.09,650,27,4/6,-172,False
5m,london+ny,ob,pd+bias+sweep,struct,473,48.0,1.09,650,27,4/6,-172,False
5m,london,fvg,pd+bias,fix3,300,51.3,1.14,647,27,3/6,-190,False
5m,london,fvg,pd+bias,struct,300,51.3,1.14,647,27,3/6,-190,False
5m,ny,ob,pd+sweep,fix2,671,39.9,1.06,645,27,4/6,-615,False
15m,asian,fvg,raw,fix2,1066,40.6,1.03,641,27,4/6,-1011,False
1h,all,fvg,pd+bias,fix2,141,45.4,1.28,635,26,4/6,-210,False
15m,london+ny,fvg,raw,fix2,1007,40.5,1.03,623,26,4/6,-638,False
5m,london+ny,ob,pd+bias+mss,fix2,328,41.5,1.11,608,25,3/6,-372,False
15m,asian,ob,bias,fix2,542,39.3,1.06,585,24,3/6,-234,False
15m,london,ob,bias,fix3,326,46.3,1.12,584,24,4/6,-189,False
15m,london,ob,bias,struct,326,46.3,1.12,584,24,4/6,-189,False
15m,london+ny,ob,pd+bias+mss,fix3,155,49.0,1.26,582,24,4/6,-131,False
15m,london+ny,ob,pd+bias+mss,struct,155,49.0,1.26,582,24,4/6,-131,False
1h,ny,ob,pd+bias,fix3,68,50.0,1.63,582,24,4/6,-14,False
1h,ny,ob,pd+bias,struct,68,50.0,1.63,582,24,4/6,-14,False
5m,ny,fvg,pd+bias,fix3,364,50.3,1.1,565,24,4/6,-203,False
5m,ny,fvg,pd+bias,struct,364,50.3,1.1,565,24,4/6,-203,False
1h,london,fvg,raw,fix3,207,41.5,1.16,545,23,4/6,-46,False
1h,london,fvg,raw,struct,207,41.5,1.16,545,23,4/6,-46,False
1h,all,ob,pd+bias+sweep,fix2,84,44.0,1.44,543,23,4/6,-88,False
5m,ny,ob,pd+bias+sweep+mss,fix3,100,54.0,1.42,539,22,3/6,-182,False
5m,ny,ob,pd+bias+sweep+mss,struct,100,54.0,1.42,539,22,3/6,-182,False
15m,ny,fvg,bias,fix3,326,46.3,1.1,522,22,3/6,-308,False
15m,ny,fvg,bias,struct,326,46.3,1.1,522,22,3/6,-308,False
5m,asian,fvg,raw,fix3,2139,47.9,1.01,503,21,3/6,-887,False
5m,asian,fvg,raw,struct,2139,47.9,1.01,503,21,3/6,-887,False
15m,london+ny,ob,pd+bias,fix3,367,45.5,1.09,495,21,4/6,-196,False
15m,london+ny,ob,pd+bias,struct,367,45.5,1.09,495,21,4/6,-196,False
1h,asian,fvg,bias,fix2,199,42.2,1.15,490,20,3/6,-248,False
5m,london+ny,ob,pd+bias+sweep+mss,fix3,145,51.0,1.24,481,20,3/6,-181,False
5m,london+ny,ob,pd+bias+sweep+mss,struct,145,51.0,1.24,481,20,3/6,-181,False
15m,all,ob,pd+bias+sweep+mss,fix3,134,48.5,1.25,477,20,4/6,-111,False
15m,all,ob,pd+bias+sweep+mss,struct,134,48.5,1.25,477,20,4/6,-111,False
5m,asian,ob,pd+bias,fix2,649,40.5,1.04,475,20,4/6,-726,False
1h,ny,fvg,pd+bias,fix3,45,48.9,1.7,461,19,4/6,-166,False
1h,ny,fvg,pd+bias,struct,45,48.9,1.7,461,19,4/6,-166,False
1h,all,ob,pd+bias+sweep,fix3,86,46.5,1.36,435,18,4/6,-69,False
1h,all,ob,pd+bias+sweep,struct,86,46.5,1.36,435,18,4/6,-69,False
15m,london,ob,bias,fix2,318,39.3,1.08,419,17,4/6,-112,False
5m,london+ny,ob,pd+bias+mss,fix3,336,47.9,1.08,415,17,3/6,-317,False
5m,london+ny,ob,pd+bias+mss,struct,336,47.9,1.08,415,17,3/6,-317,False
15m,asian,ob,bias,fix3,577,44.5,1.05,414,17,3/6,-210,False
15m,asian,ob,bias,struct,577,44.5,1.05,414,17,3/6,-210,False
15m,ny,ob,pd+bias,fix2,246,39.4,1.1,411,17,4/6,-115,False
1h,all,sweep,bias+mss,fix3,84,46.4,1.34,411,17,4/6,-63,False
1h,all,sweep,bias+mss,struct,84,46.4,1.34,411,17,4/6,-63,False
5m,ny,ob,pd+bias+mss,fix3,218,48.6,1.13,410,17,3/6,-156,False
5m,ny,ob,pd+bias+mss,struct,218,48.6,1.13,410,17,3/6,-156,False
15m,ny,ob,pd+bias,fix3,251,45.8,1.11,407,17,4/6,-57,False
15m,ny,ob,pd+bias,struct,251,45.8,1.11,407,17,4/6,-57,False
1h,asian,fvg,raw,fix3,371,40.2,1.06,400,17,2/6,-457,False
1h,asian,fvg,raw,struct,371,40.2,1.06,400,17,2/6,-457,False
1h,london+ny,fvg,pd+bias+sweep,fix3,30,53.3,2.02,397,17,4/6,-33,False
1h,london+ny,fvg,pd+bias+sweep,struct,30,53.3,2.02,397,17,4/6,-33,False
15m,all,ob,pd+sweep,fix2,769,37.8,1.03,395,16,3/6,-590,False
1h,ny,fvg,pd+bias+sweep,fix3,22,59.1,2.46,374,16,3/6,-52,False
1h,ny,fvg,pd+bias+sweep,struct,22,59.1,2.46,374,16,3/6,-52,False
1h,all,ob,pd+bias+mss,fix2,61,44.3,1.4,371,15,4/6,-112,False
1h,all,fvg,pd+bias+sweep,fix2,67,46.3,1.36,368,15,4/6,-30,False
1h,london+ny,fvg,pd+bias,fix2,68,45.6,1.35,367,15,4/6,-150,False
15m,ny,ob,pd+bias+sweep+mss,fix2,58,44.8,1.41,355,15,4/6,-59,False
15m,london,fvg,pd+bias,fix2,119,43.7,1.16,329,14,4/6,-141,False
15m,london+ny,fvg,pd+bias+sweep,fix3,139,48.9,1.16,329,14,4/6,-168,False
15m,london+ny,fvg,pd+bias+sweep,struct,139,48.9,1.16,329,14,4/6,-168,False
1h,london+ny,ob,pd+bias,fix3,90,43.3,1.24,326,14,2/6,-95,False
1h,london+ny,ob,pd+bias,struct,90,43.3,1.24,326,14,2/6,-95,False
1h,asian,ob,bias,fix2,158,38.6,1.12,318,13,3/6,-116,False
1h,asian,ob,pd,fix3,159,42.8,1.13,315,13,3/6,-240,False
1h,asian,ob,pd,struct,159,42.8,1.13,315,13,3/6,-240,False
1h,all,ob,pd+bias+mss,fix3,61,47.5,1.36,309,13,3/6,-138,False
1h,all,ob,pd+bias+mss,struct,61,47.5,1.36,309,13,3/6,-138,False
5m,all,ob,pd+bias+mss,fix3,851,47.1,1.02,303,13,4/6,-1192,False
5m,all,ob,pd+bias+mss,struct,851,47.1,1.02,303,13,4/6,-1192,False
15m,london+ny,fvg,raw,fix3,1036,45.0,1.02,301,13,3/6,-498,False
15m,london+ny,fvg,raw,struct,1036,45.0,1.02,301,13,3/6,-498,False
15m,asian,ob,pd+bias+mss,fix3,115,47.8,1.17,291,12,4/6,-48,False
15m,asian,ob,pd+bias+mss,struct,115,47.8,1.17,291,12,4/6,-48,False
1h,london,fvg,pd+bias,fix3,31,45.2,1.59,287,12,5/6,-137,False
1h,london,fvg,pd+bias,struct,31,45.2,1.59,287,12,5/6,-137,False
1h,all,ob,pd+sweep,fix2,178,37.6,1.09,278,12,2/6,-195,False
1h,london+ny,fvg,pd+bias+sweep,fix2,30,50.0,1.66,277,12,5/6,-30,False
1h,ny,fvg,pd+bias,fix2,45,46.7,1.4,273,11,4/6,-166,False
1h,ny,fvg,pd+bias+sweep,fix2,22,54.5,1.96,273,11,4/6,-52,False
1h,asian,fvg,pd+bias,fix3,60,41.7,1.26,271,11,4/6,-102,False
1h,asian,fvg,pd+bias,struct,60,41.7,1.26,271,11,4/6,-102,False
15m,ny,fvg,pd+bias+sweep,fix3,82,50.0,1.22,264,11,4/6,-76,False
15m,ny,fvg,pd+bias+sweep,struct,82,50.0,1.22,264,11,4/6,-76,False
1h,asian,ob,pd+sweep,fix3,85,44.7,1.21,262,11,3/6,-115,False
1h,asian,ob,pd+sweep,struct,85,44.7,1.21,262,11,3/6,-115,False
15m,asian,ob,pd+sweep,fix2,388,38.4,1.04,260,11,3/6,-714,False
15m,ny,ob,pd+bias+sweep+mss,fix3,59,49.2,1.32,260,11,3/6,-41,False
15m,ny,ob,pd+bias+sweep+mss,struct,59,49.2,1.32,260,11,3/6,-41,False
5m,asian,ob,pd+bias+mss,fix2,283,41.3,1.05,256,11,3/6,-383,False
15m,london+ny,ob,pd+bias+sweep+mss,fix2,77,41.6,1.2,255,11,4/6,-128,False
5m,asian,ob,pd+bias+sweep+mss,fix2,114,43.0,1.13,246,10,3/6,-357,False
1h,ny,fvg,raw,fix2,194,40.2,1.07,246,10,4/6,-549,False
5m,london,fvg,pd+bias+sweep,fix3,147,50.3,1.11,241,10,4/6,-197,False
5m,london,fvg,pd+bias+sweep,struct,147,50.3,1.11,241,10,4/6,-197,False
15m,ny,fvg,raw,fix3,693,44.6,1.02,238,10,4/6,-355,False
15m,ny,fvg,raw,struct,693,44.6,1.02,238,10,4/6,-355,False
1h,asian,ob,raw,fix2,247,37.2,1.06,235,10,2/6,-236,False
1h,london+ny,ob,pd+sweep,fix2,117,38.5,1.12,235,10,2/6,-133,False
1h,london,sweep,bias,fix3,56,46.4,1.27,223,9,3/6,-71,False
1h,london,sweep,bias,struct,56,46.4,1.27,223,9,3/6,-71,False
1h,asian,sweep,bias,fix3,98,42.9,1.14,218,9,4/6,-81,False
1h,asian,sweep,bias,struct,98,42.9,1.14,218,9,4/6,-81,False
1h,london+ny,ob,pd+bias,fix2,89,39.3,1.15,214,9,3/6,-65,False
1h,asian,ob,pd+sweep,fix2,85,38.8,1.15,212,9,3/6,-168,False
1h,ny,ob,pd+bias+sweep,fix3,32,50.0,1.49,211,9,4/6,-53,False
1h,ny,ob,pd+bias+sweep,struct,32,50.0,1.49,211,9,4/6,-53,False
15m,london+ny,ob,pd+bias+sweep+mss,fix3,78,46.2,1.17,198,8,4/6,-122,False
15m,london+ny,ob,pd+bias+sweep+mss,struct,78,46.2,1.17,198,8,4/6,-122,False
1h,all,sweep,bias+mss,fix2,84,39.3,1.14,197,8,4/6,-169,False
1h,ny,ob,pd+bias+sweep,fix2,32,43.8,1.4,193,8,4/6,-64,False
1h,london+ny,ob,pd+sweep,fix3,118,43.2,1.1,188,8,3/6,-201,False
1h,london+ny,ob,pd+sweep,struct,118,43.2,1.1,188,8,3/6,-201,False
1h,london,ob,pd+sweep,fix2,52,40.4,1.22,185,8,4/6,-92,False
1h,london,sweep,raw,fix3,152,42.8,1.08,180,8,3/6,-45,False
1h,london,sweep,raw,struct,152,42.8,1.08,180,8,3/6,-45,False
15m,london,fvg,pd+bias,fix3,120,47.5,1.09,174,7,3/6,-88,False
15m,london,fvg,pd+bias,struct,120,47.5,1.09,174,7,3/6,-88,False
1h,london,fvg,raw,fix2,205,39.5,1.05,168,7,4/6,-259,False
1h,ny,ob,pd+sweep,fix2,89,38.2,1.11,158,7,3/6,-76,False
15m,asian,ob,pd+sweep,fix3,401,43.9,1.02,157,7,3/6,-561,False
15m,asian,ob,pd+sweep,struct,401,43.9,1.02,157,7,3/6,-561,False
15m,asian,ob,pd+bias,fix3,269,44.6,1.04,156,6,3/6,-208,False
15m,asian,ob,pd+bias,struct,269,44.6,1.04,156,6,3/6,-208,False
1h,all,ob,pd+bias+sweep+mss,fix3,28,46.4,1.35,145,6,3/6,-74,False
1h,all,ob,pd+bias+sweep+mss,struct,28,46.4,1.35,145,6,3/6,-74,False
1h,ny,sweep,bias+mss,fix2,26,42.3,1.38,145,6,3/6,-86,False
15m,asian,fvg,pd+bias+sweep,fix2,107,42.1,1.08,144,6,3/6,-144,False
1h,london+ny,ob,pd+bias+sweep,fix3,42,45.2,1.23,140,6,4/6,-104,False
1h,london+ny,ob,pd+bias+sweep,struct,42,45.2,1.23,140,6,4/6,-104,False
1h,all,ob,pd+bias+sweep+mss,fix2,28,42.9,1.32,138,6,3/6,-64,False
1h,asian,ob,pd+bias+sweep+mss,fix2,6,66.7,3.38,135,6,2/6,-30,False
1h,asian,ob,pd+bias+mss,fix2,17,47.1,1.52,132,6,4/6,-87,False
1h,london+ny,sweep,bias+mss,fix2,40,40.0,1.2,128,5,3/6,-79,False
1h,asian,sweep,bias+mss,fix3,23,43.5,1.33,119,5,4/6,-29,False
1h,asian,sweep,bias+mss,struct,23,43.5,1.33,119,5,4/6,-29,False
1h,asian,fvg,pd+bias+sweep,fix3,19,42.1,1.35,115,5,3/6,-29,False
1h,asian,fvg,pd+bias+sweep,struct,19,42.1,1.35,115,5,3/6,-29,False
1h,london+ny,sweep,bias+mss,fix3,40,45.0,1.2,114,5,3/6,-86,False
1h,london+ny,sweep,bias+mss,struct,40,45.0,1.2,114,5,3/6,-86,False
1h,asian,ob,pd+bias+sweep+mss,fix3,6,66.7,2.96,111,5,2/6,-30,False
1h,asian,ob,pd+bias+sweep+mss,struct,6,66.7,2.96,111,5,2/6,-30,False
1h,ny,ob,pd+bias+mss,fix2,18,44.4,1.4,108,5,4/6,-66,False
15m,asian,ob,pd+bias+mss,fix2,111,39.6,1.06,106,4,4/6,-162,False
1h,london+ny,ob,pd+bias+mss,fix2,24,41.7,1.24,93,4,4/6,-95,False
15m,london+ny,fvg,pd+bias,fix2,250,40.4,1.02,91,4,3/6,-266,False
1h,london+ny,ob,pd+bias+sweep,fix2,42,38.1,1.11,76,3,3/6,-104,False
1h,london,sweep,bias+mss,fix3,14,50.0,1.39,75,3,3/6,-52,False
1h,london,sweep,bias+mss,struct,14,50.0,1.39,75,3,3/6,-52,False
1h,asian,ob,pd+bias+mss,fix3,17,47.1,1.29,73,3,4/6,-87,False
1h,asian,ob,pd+bias+mss,struct,17,47.1,1.29,73,3,4/6,-87,False
5m,ny,sweep,bias+mss,fix3,226,46.5,1.02,66,3,2/6,-328,False
5m,ny,sweep,bias+mss,struct,226,46.5,1.02,66,3,2/6,-328,False
5m,asian,fvg,pd+bias+sweep,fix3,266,48.1,1.01,57,2,3/6,-514,False
5m,asian,fvg,pd+bias+sweep,struct,266,48.1,1.01,57,2,3/6,-514,False
1h,ny,ob,pd+bias+mss,fix3,18,44.4,1.17,46,2,4/6,-78,False
1h,ny,ob,pd+bias+mss,struct,18,44.4,1.17,46,2,4/6,-78,False
1h,asian,sweep,bias+mss,fix2,23,39.1,1.1,41,2,3/6,-67,False
5m,london,ob,pd+bias+sweep+mss,fix2,45,40.0,1.05,40,2,3/6,-197,False
1h,ny,sweep,bias+mss,fix3,26,42.3,1.1,39,2,3/6,-98,False
1h,ny,sweep,bias+mss,struct,26,42.3,1.1,39,2,3/6,-98,False
1h,asian,ob,pd+bias+sweep,fix3,27,40.7,1.09,38,2,2/6,-48,False
1h,asian,ob,pd+bias+sweep,struct,27,40.7,1.09,38,2,2/6,-48,False
1h,all,ob,pd+sweep,fix3,180,40.0,1.01,37,2,2/6,-237,False
1h,all,ob,pd+sweep,struct,180,40.0,1.01,37,2,2/6,-237,False
1h,london,ob,pd+bias+mss,fix2,7,42.9,1.31,34,1,2/6,-54,False
1h,asian,ob,pd+bias+sweep,fix2,27,37.0,1.06,28,1,2/6,-79,False
1h,london+ny,ob,pd+bias+mss,fix3,24,41.7,1.06,25,1,3/6,-107,False
1h,london+ny,ob,pd+bias+mss,struct,24,41.7,1.06,25,1,3/6,-107,False
15m,ny,ob,pd+bias+sweep,fix2,149,36.9,1.01,23,1,3/6,-233,False
1h,london,ob,pd,fix3,110,40.9,1.01,23,1,3/6,-45,False
1h,london,ob,pd,struct,110,40.9,1.01,23,1,3/6,-45,False
1h,london,ob,pd+bias+mss,fix3,7,42.9,1.16,18,1,2/6,-54,False
1h,london,ob,pd+bias+mss,struct,7,42.9,1.16,18,1,2/6,-54,False
1h,ny,ob,pd+sweep,fix3,90,41.1,1.01,14,1,2/6,-145,False
1h,ny,ob,pd+sweep,struct,90,41.1,1.01,14,1,2/6,-145,False
1h,london,sweep,bias,fix2,56,37.5,1.01,14,1,3/6,-119,False
15m,london,ob,pd+bias+mss,fix3,48,43.8,1.01,11,0,3/6,-82,False
15m,london,ob,pd+bias+mss,struct,48,43.8,1.01,11,0,3/6,-82,False
1h,london,fvg,pd+bias,fix2,31,38.7,1.02,11,0,5/6,-204,False
15m,london,ob,pd+bias+sweep+mss,fix3,21,42.9,1.02,7,0,4/6,-114,False
15m,london,ob,pd+bias+sweep+mss,struct,21,42.9,1.02,7,0,4/6,-114,False
15m,london+ny,ob,pd+bias+sweep,fix2,224,37.1,1.0,4,0,4/6,-471,False
1h,asian,ob,pd+bias,fix3,64,40.6,1.0,-2,0,2/6,-91,False
1h,asian,ob,pd+bias,struct,64,40.6,1.0,-2,0,2/6,-91,False
15m,asian,ob,pd+bias+sweep+mss,fix2,37,37.8,0.99,-6,0,3/6,-154,False
1h,ny,ob,pd+bias+sweep+mss,fix3,6,33.3,0.95,-6,0,2/6,-27,False
1h,ny,ob,pd+bias+sweep+mss,struct,6,33.3,0.95,-6,0,2/6,-27,False
1h,london,ob,pd+bias+sweep+mss,fix2,3,33.3,0.85,-8,0,1/6,-29,False
1h,london,fvg,pd+bias+sweep,fix3,9,33.3,0.95,-8,0,2/6,-56,False
1h,london,fvg,pd+bias+sweep,struct,9,33.3,0.95,-8,0,2/6,-56,False
1h,ny,ob,pd+bias+sweep+mss,fix2,6,33.3,0.88,-13,-1,1/6,-27,False
15m,london,fvg,pd+bias+sweep,fix2,63,39.7,0.99,-14,-1,4/6,-193,False
1h,london,ob,pd+bias+sweep+mss,fix3,3,33.3,0.75,-14,-1,1/6,-29,False
1h,london,ob,pd+bias+sweep+mss,struct,3,33.3,0.75,-14,-1,1/6,-29,False
1h,london,sweep,bias+mss,fix2,14,35.7,0.93,-17,-1,3/6,-52,False
1h,london+ny,ob,pd+bias+sweep+mss,fix3,9,33.3,0.88,-19,-1,2/6,-56,False
1h,london+ny,ob,pd+bias+sweep+mss,struct,9,33.3,0.88,-19,-1,2/6,-56,False
15m,london,fvg,pd+bias+sweep,fix3,64,45.3,0.98,-20,-1,3/6,-183,False
15m,london,fvg,pd+bias+sweep,struct,64,45.3,0.98,-20,-1,3/6,-183,False
15m,london,ob,pd+bias+mss,fix2,48,37.5,0.98,-21,-1,2/6,-140,False
1h,london+ny,ob,pd+bias+sweep+mss,fix2,9,33.3,0.87,-21,-1,2/6,-56,False
1h,london,ob,pd,fix2,110,35.5,0.99,-22,-1,2/6,-46,False
15m,asian,ob,pd+bias,fix2,255,37.6,0.99,-23,-1,2/6,-259,False
1h,london,fvg,pd+bias+sweep,fix2,9,33.3,0.85,-25,-1,2/6,-56,False
1h,asian,fvg,pd+bias+sweep,fix2,19,36.8,0.92,-30,-1,1/6,-36,False
1h,asian,ob,pd,fix2,155,35.5,0.99,-32,-1,4/6,-265,False
15m,ny,ob,pd+bias+sweep,fix3,153,42.5,0.99,-33,-1,3/6,-143,False
15m,ny,ob,pd+bias+sweep,struct,153,42.5,0.99,-33,-1,3/6,-143,False
1h,asian,fvg,pd+bias,fix2,59,39.0,0.96,-40,-2,4/6,-141,False
15m,asian,fvg,pd+bias+sweep,fix3,108,45.4,0.97,-45,-2,3/6,-188,False
15m,asian,fvg,pd+bias+sweep,struct,108,45.4,0.97,-45,-2,3/6,-188,False
1h,asian,ob,pd+bias,fix2,63,34.9,0.96,-47,-2,3/6,-204,False
15m,asian,ob,pd+bias+sweep+mss,fix3,38,42.1,0.9,-64,-3,2/6,-83,False
15m,asian,ob,pd+bias+sweep+mss,struct,38,42.1,0.9,-64,-3,2/6,-83,False
5m,asian,ob,pd+bias,fix3,685,46.1,0.99,-70,-3,3/6,-650,False
5m,asian,ob,pd+bias,struct,685,46.1,0.99,-70,-3,3/6,-650,False
15m,london,fvg,raw,fix3,592,45.1,0.99,-75,-3,3/6,-721,False
15m,london,fvg,raw,struct,592,45.1,0.99,-75,-3,3/6,-721,False
15m,london,ob,pd+bias+sweep,fix2,93,36.6,0.95,-76,-3,2/6,-191,False
5m,london,ob,pd+bias+mss,fix3,123,45.5,0.96,-83,-3,3/6,-312,False
5m,london,ob,pd+bias+mss,struct,123,45.5,0.96,-83,-3,3/6,-312,False
15m,london,ob,pd+bias+sweep+mss,fix2,21,33.3,0.8,-83,-3,2/6,-114,False
5m,london,ob,pd+bias+sweep+mss,fix3,46,43.5,0.89,-86,-4,3/6,-209,False
5m,london,ob,pd+bias+sweep+mss,struct,46,43.5,0.89,-86,-4,3/6,-209,False
1h,london,ob,pd+bias+sweep,fix3,11,27.3,0.54,-96,-4,1/6,-51,False
1h,london,ob,pd+bias+sweep,struct,11,27.3,0.54,-96,-4,1/6,-51,False
15m,asian,ob,pd+bias+sweep,fix3,141,42.6,0.95,-103,-4,3/6,-271,False
15m,asian,ob,pd+bias+sweep,struct,141,42.6,0.95,-103,-4,3/6,-271,False
5m,london,ob,pd+bias,fix2,349,38.7,0.98,-105,-4,3/6,-410,False
5m,asian,fvg,pd+bias+sweep,fix2,264,40.5,0.98,-121,-5,2/6,-538,False
5m,ny,ob,pd+sweep,fix3,698,45.1,0.99,-123,-5,3/6,-661,False
5m,ny,ob,pd+sweep,struct,698,45.1,0.99,-123,-5,3/6,-661,False
15m,ny,fvg,pd+bias,fix2,152,38.8,0.96,-124,-5,4/6,-326,False
1h,all,sweep,bias,fix3,296,39.2,0.97,-137,-6,2/6,-242,False
1h,all,sweep,bias,struct,296,39.2,0.97,-137,-6,2/6,-242,False
5m,london,ob,pd+bias,fix3,365,45.5,0.98,-143,-6,2/6,-359,False
5m,london,ob,pd+bias,struct,365,45.5,0.98,-143,-6,2/6,-359,False
1h,london,ob,pd+bias+sweep,fix2,11,18.2,0.4,-143,-6,1/6,-81,False
5m,asian,ob,pd+bias+sweep+mss,fix3,114,44.7,0.92,-146,-6,2/6,-418,False
5m,asian,ob,pd+bias+sweep+mss,struct,114,44.7,0.92,-146,-6,2/6,-418,False
1h,london,sweep,raw,fix2,152,35.5,0.94,-172,-7,2/6,-259,False
1h,london,ob,raw,fix3,183,38.3,0.94,-175,-7,2/6,-145,False
1h,london,ob,raw,struct,183,38.3,0.94,-175,-7,2/6,-145,False
15m,london,ob,pd+bias,fix2,166,36.1,0.94,-176,-7,2/6,-221,False
5m,london,ob,pd+bias+mss,fix2,118,37.3,0.92,-181,-8,2/6,-328,False
1h,london,ob,bias,fix3,88,35.2,0.87,-195,-8,2/6,-105,False
1h,london,ob,bias,struct,88,35.2,0.87,-195,-8,2/6,-105,False
15m,london+ny,ob,pd+bias+sweep,fix3,230,41.7,0.95,-202,-8,3/6,-364,False
15m,london+ny,ob,pd+bias+sweep,struct,230,41.7,0.95,-202,-8,3/6,-364,False
1h,all,ob,pd,fix3,227,37.4,0.95,-208,-9,3/6,-209,False
1h,all,ob,pd,struct,227,37.4,0.95,-208,-9,3/6,-209,False
5m,asian,ob,pd+bias+sweep,fix2,393,39.2,0.97,-214,-9,2/6,-459,False
15m,london+ny,fvg,pd+bias,fix3,252,43.7,0.95,-221,-9,2/6,-316,False
15m,london+ny,fvg,pd+bias,struct,252,43.7,0.95,-221,-9,2/6,-316,False
1h,london,ob,pd+bias,fix3,28,28.6,0.59,-222,-9,1/6,-138,False
1h,london,ob,pd+bias,struct,28,28.6,0.59,-222,-9,1/6,-138,False
15m,asian,fvg,raw,fix3,1109,44.7,0.99,-224,-9,3/6,-903,False
15m,asian,fvg,raw,struct,1109,44.7,0.99,-224,-9,3/6,-903,False
5m,ny,sweep,bias+mss,fix2,220,37.7,0.94,-226,-9,3/6,-479,False
1h,london,ob,pd+bias,fix2,28,25.0,0.6,-229,-10,1/6,-138,False
15m,london,ob,pd+bias+sweep,fix3,93,39.8,0.84,-244,-10,2/6,-185,False
15m,london,ob,pd+bias+sweep,struct,93,39.8,0.84,-244,-10,2/6,-185,False
1h,asian,fvg,raw,fix2,366,37.7,0.96,-254,-11,1/6,-520,False
15m,london,ob,pd+bias,fix3,167,41.3,0.91,-261,-11,2/6,-215,False
15m,london,ob,pd+bias,struct,167,41.3,0.91,-261,-11,2/6,-215,False
5m,london+ny,ob,pd+sweep,fix2,1012,38.4,0.98,-274,-11,2/6,-630,False
5m,london,ob,pd+bias+sweep,fix3,206,44.2,0.92,-283,-12,4/6,-380,False
5m,london,ob,pd+bias+sweep,struct,206,44.2,0.92,-283,-12,4/6,-380,False
5m,asian,ob,pd+bias+mss,fix3,288,45.5,0.94,-283,-12,2/6,-400,False
5m,asian,ob,pd+bias+mss,struct,288,45.5,0.94,-283,-12,2/6,-400,False
1h,london+ny,sweep,bias,fix3,140,37.1,0.87,-302,-13,2/6,-200,False
1h,london+ny,sweep,bias,struct,140,37.1,0.87,-302,-13,2/6,-200,False
5m,london,ob,pd+bias+sweep,fix2,203,36.9,0.92,-312,-13,4/6,-478,False
15m,ny,fvg,pd+bias,fix3,151,41.7,0.88,-312,-13,2/6,-328,False
15m,ny,fvg,pd+bias,struct,151,41.7,0.88,-312,-13,2/6,-328,False
15m,london,sweep,bias+mss,fix2,60,31.7,0.73,-317,-13,3/6,-153,False
15m,london,sweep,bias+mss,fix3,61,36.1,0.7,-339,-14,1/6,-166,False
15m,london,sweep,bias+mss,struct,61,36.1,0.7,-339,-14,1/6,-166,False
1h,london+ny,ob,raw,fix3,310,36.8,0.93,-346,-14,2/6,-214,False
1h,london+ny,ob,raw,struct,310,36.8,0.93,-346,-14,2/6,-214,False
15m,asian,ob,pd+bias+sweep,fix2,136,33.8,0.86,-364,-15,2/6,-229,False
15m,london+ny,ob,raw,fix3,933,42.1,0.98,-371,-15,3/6,-689,False
15m,london+ny,ob,raw,struct,933,42.1,0.98,-371,-15,3/6,-689,False
1h,ny,ob,raw,fix2,241,34.0,0.91,-372,-16,2/6,-217,False
5m,london+ny,sweep,bias+mss,fix3,354,44.6,0.93,-380,-16,2/6,-275,False
5m,london+ny,sweep,bias+mss,struct,354,44.6,0.93,-380,-16,2/6,-275,False
15m,all,ob,pd+sweep,fix3,811,42.4,0.97,-390,-16,3/6,-745,False
15m,all,ob,pd+sweep,struct,811,42.4,0.97,-390,-16,3/6,-745,False
15m,ny,sweep,bias+mss,fix3,97,37.1,0.76,-390,-16,2/6,-186,False
15m,ny,sweep,bias+mss,struct,97,37.1,0.76,-390,-16,2/6,-186,False
15m,london,sweep,bias,fix3,187,40.6,0.88,-393,-16,2/6,-322,False
15m,london,sweep,bias,struct,187,40.6,0.88,-393,-16,2/6,-322,False
15m,asian,sweep,bias+mss,fix3,152,40.8,0.84,-414,-17,3/6,-208,False
15m,asian,sweep,bias+mss,struct,152,40.8,0.84,-414,-17,3/6,-208,False
15m,ny,sweep,bias+mss,fix2,97,32.0,0.77,-414,-17,2/6,-188,False
1h,ny,ob,pd,fix2,176,33.0,0.87,-418,-17,2/6,-299,False
5m,london,sweep,bias+mss,fix3,130,41.5,0.81,-429,-18,1/6,-216,False
5m,london,sweep,bias+mss,struct,130,41.5,0.81,-429,-18,1/6,-216,False
15m,asian,sweep,bias+mss,fix2,148,35.1,0.85,-430,-18,2/6,-211,False
1h,ny,sweep,bias,fix2,90,28.9,0.74,-439,-18,1/6,-181,False
1h,london,ob,bias,fix2,87,28.7,0.73,-446,-19,2/6,-300,False
5m,london+ny,fvg,raw,fix3,2403,47.3,0.99,-447,-19,2/6,-1090,False
5m,london+ny,fvg,raw,struct,2403,47.3,0.99,-447,-19,2/6,-1090,False
1h,london+ny,sweep,bias,fix2,136,31.6,0.82,-448,-19,1/6,-216,False
15m,asian,sweep,bias,fix3,412,43.2,0.93,-449,-19,3/6,-354,False
15m,asian,sweep,bias,struct,412,43.2,0.93,-449,-19,3/6,-354,False
15m,london,ob,pd,fix2,420,36.0,0.94,-458,-19,2/6,-415,False
1h,ny,ob,pd,fix3,180,35.0,0.84,-495,-21,2/6,-318,False
1h,ny,ob,pd,struct,180,35.0,0.84,-495,-21,2/6,-318,False
5m,asian,ob,pd+bias+sweep,fix3,405,44.7,0.92,-504,-21,2/6,-373,False
5m,asian,ob,pd+bias+sweep,struct,405,44.7,0.92,-504,-21,2/6,-373,False
1h,london,ob,raw,fix2,181,32.0,0.84,-523,-22,1/6,-222,False
1h,all,ob,pd,fix2,221,32.6,0.86,-543,-23,2/6,-343,False
1h,asian,sweep,raw,fix3,281,37.7,0.89,-550,-23,3/6,-404,False
1h,asian,sweep,raw,struct,281,37.7,0.89,-550,-23,3/6,-404,False
5m,london+ny,ob,pd+sweep,fix3,1065,44.9,0.97,-552,-23,3/6,-669,False
5m,london+ny,ob,pd+sweep,struct,1065,44.9,0.97,-552,-23,3/6,-669,False
1h,ny,sweep,bias,fix3,90,31.1,0.66,-557,-23,0/6,-226,False
1h,ny,sweep,bias,struct,90,31.1,0.66,-557,-23,0/6,-226,False
1h,ny,ob,raw,fix3,244,35.7,0.87,-564,-24,1/6,-306,False
1h,ny,ob,raw,struct,244,35.7,0.87,-564,-24,1/6,-306,False
15m,london+ny,ob,raw,fix2,874,36.3,0.96,-600,-25,3/6,-770,False
1h,london+ny,ob,pd,fix3,225,35.1,0.84,-620,-26,2/6,-336,False
1h,london+ny,ob,pd,struct,225,35.1,0.84,-620,-26,2/6,-336,False
15m,london,sweep,bias,fix2,186,33.9,0.82,-622,-26,2/6,-343,False
1h,all,sweep,bias,fix2,288,33.3,0.88,-624,-26,1/6,-256,False
5m,london+ny,ob,raw,fix2,1721,38.2,0.98,-627,-26,4/6,-1340,False
15m,asian,sweep,bias,fix2,396,36.6,0.91,-634,-26,2/6,-582,False
15m,london,ob,pd,fix3,426,41.3,0.91,-638,-27,1/6,-501,False
15m,london,ob,pd,struct,426,41.3,0.91,-638,-27,1/6,-501,False
5m,london,sweep,bias+mss,fix2,129,33.3,0.75,-643,-27,1/6,-279,False
1h,london+ny,ob,raw,fix2,305,33.1,0.88,-666,-28,0/6,-162,False
15m,asian,sweep,raw,fix2,855,37.3,0.96,-675,-28,3/6,-615,False
15m,london,ob,pd+sweep,fix2,229,33.6,0.84,-680,-28,1/6,-277,False
15m,london+ny,sweep,bias+mss,fix3,157,36.9,0.75,-697,-29,1/6,-333,False
15m,london+ny,sweep,bias+mss,struct,157,36.9,0.75,-697,-29,1/6,-333,False
15m,london+ny,sweep,bias+mss,fix2,156,32.1,0.76,-700,-29,1/6,-258,False
15m,ny,ob,pd+sweep,fix3,357,39.8,0.88,-718,-30,2/6,-411,False
15m,ny,ob,pd+sweep,struct,357,39.8,0.88,-718,-30,2/6,-411,False
1h,london+ny,ob,pd,fix2,222,31.5,0.82,-739,-31,0/6,-380,False
5m,london,ob,raw,fix2,952,38.0,0.96,-755,-31,1/6,-462,False
15m,all,sweep,bias+mss,fix2,390,35.9,0.89,-766,-32,1/6,-282,False
15m,ny,sweep,bias,fix3,278,39.6,0.83,-782,-33,0/6,-204,False
15m,ny,sweep,bias,struct,278,39.6,0.83,-782,-33,0/6,-204,False
15m,ny,ob,pd+sweep,fix2,342,33.9,0.87,-783,-33,2/6,-465,False
1h,asian,sweep,raw,fix2,272,32.7,0.84,-802,-33,2/6,-412,False
15m,london,ob,pd+sweep,fix3,230,38.3,0.79,-836,-35,1/6,-308,False
15m,london,ob,pd+sweep,struct,230,38.3,0.79,-836,-35,1/6,-308,False
5m,london+ny,sweep,bias+mss,fix2,346,36.1,0.87,-857,-36,2/6,-416,False
5m,london,ob,pd+sweep,fix3,495,43.2,0.89,-928,-39,0/6,-428,False
5m,london,ob,pd+sweep,struct,495,43.2,0.89,-928,-39,0/6,-428,False
15m,asian,sweep,raw,fix3,911,42.5,0.94,-966,-40,3/6,-780,False
15m,asian,sweep,raw,struct,911,42.5,0.94,-966,-40,3/6,-780,False
5m,asian,sweep,bias+mss,fix2,316,35.8,0.84,-990,-41,2/6,-399,False
15m,london,fvg,raw,fix2,581,37.7,0.91,-1022,-43,2/6,-754,False
5m,asian,sweep,bias+mss,fix3,327,41.9,0.81,-1055,-44,1/6,-454,False
5m,asian,sweep,bias+mss,struct,327,41.9,0.81,-1055,-44,1/6,-454,False
15m,ny,ob,pd,fix3,570,40.2,0.88,-1087,-45,3/6,-853,False
15m,ny,ob,pd,struct,570,40.2,0.88,-1087,-45,3/6,-853,False
15m,asian,ob,pd,fix2,646,35.3,0.9,-1144,-48,2/6,-1096,False
15m,london+ny,sweep,bias,fix3,450,39.8,0.84,-1195,-50,1/6,-575,False
15m,london+ny,sweep,bias,struct,450,39.8,0.84,-1195,-50,1/6,-575,False
1h,london+ny,sweep,raw,fix3,339,35.1,0.79,-1230,-51,0/6,-301,False
1h,london+ny,sweep,raw,struct,339,35.1,0.79,-1230,-51,0/6,-301,False
15m,all,sweep,bias+mss,fix3,404,39.4,0.82,-1262,-53,0/6,-443,False
15m,all,sweep,bias+mss,struct,404,39.4,0.82,-1262,-53,0/6,-443,False
5m,london,ob,raw,fix3,1039,43.9,0.92,-1347,-56,1/6,-605,False
5m,london,ob,raw,struct,1039,43.9,0.92,-1347,-56,1/6,-605,False
1h,ny,sweep,raw,fix2,208,26.9,0.66,-1361,-57,0/6,-331,False
15m,asian,ob,pd,fix3,681,40.4,0.88,-1375,-57,2/6,-912,False
15m,asian,ob,pd,struct,681,40.4,0.88,-1375,-57,2/6,-912,False
15m,ny,ob,raw,fix3,725,39.9,0.89,-1378,-57,1/6,-692,False
15m,ny,ob,raw,struct,725,39.9,0.89,-1378,-57,1/6,-692,False
15m,london+ny,ob,pd+sweep,fix2,503,33.4,0.85,-1413,-59,1/6,-703,False
1h,ny,sweep,raw,fix3,212,29.7,0.64,-1453,-61,1/6,-460,False
1h,ny,sweep,raw,struct,212,29.7,0.64,-1453,-61,1/6,-460,False
15m,ny,sweep,bias,fix2,267,30.3,0.71,-1496,-62,0/6,-576,False
15m,london+ny,ob,pd+sweep,fix3,524,38.7,0.83,-1509,-63,1/6,-581,False
15m,london+ny,ob,pd+sweep,struct,524,38.7,0.83,-1509,-63,1/6,-581,False
1h,london+ny,sweep,raw,fix2,323,29.7,0.75,-1558,-65,0/6,-594,False
5m,london,ob,pd+sweep,fix2,479,34.4,0.82,-1619,-67,0/6,-510,False
5m,ny,ob,raw,fix2,1212,36.7,0.93,-1623,-68,3/6,-1331,False
5m,ny,sweep,bias,fix3,551,41.0,0.83,-1626,-68,2/6,-803,False
5m,ny,sweep,bias,struct,551,41.0,0.83,-1626,-68,2/6,-803,False
15m,ny,ob,raw,fix2,688,34.0,0.87,-1656,-69,1/6,-929,False
15m,all,ob,pd,fix3,869,40.4,0.88,-1662,-69,2/6,-1134,False
15m,all,ob,pd,struct,869,40.4,0.88,-1662,-69,2/6,-1134,False
15m,all,sweep,bias,fix3,1132,41.7,0.91,-1678,-70,3/6,-818,False
15m,all,sweep,bias,struct,1132,41.7,0.91,-1678,-70,3/6,-818,False
1h,all,sweep,raw,fix3,676,36.5,0.85,-1714,-71,0/6,-383,False
1h,all,sweep,raw,struct,676,36.5,0.85,-1714,-71,0/6,-383,False
15m,london+ny,ob,pd,fix3,751,39.7,0.86,-1718,-72,1/6,-1183,False
15m,london+ny,ob,pd,struct,751,39.7,0.86,-1718,-72,1/6,-1183,False
15m,all,sweep,bias,fix2,1043,36.0,0.91,-1756,-73,2/6,-1033,False
15m,london,sweep,raw,fix3,436,37.6,0.76,-1830,-76,0/6,-666,False
15m,london,sweep,raw,struct,436,37.6,0.76,-1830,-76,0/6,-666,False
15m,ny,ob,pd,fix2,548,32.7,0.82,-1843,-77,2/6,-1234,False
15m,london+ny,sweep,bias,fix2,431,31.8,0.76,-1986,-83,0/6,-667,False
5m,london,ob,pd,fix2,809,35.7,0.87,-2003,-83,2/6,-659,False
15m,all,ob,pd,fix2,805,33.9,0.86,-2009,-84,2/6,-1502,False
5m,ny,sweep,bias,fix2,538,33.6,0.8,-2021,-84,2/6,-836,False
15m,ny,sweep,raw,fix3,605,38.3,0.8,-2081,-87,1/6,-976,False
15m,ny,sweep,raw,struct,605,38.3,0.8,-2081,-87,1/6,-976,False
5m,london,fvg,raw,fix3,1249,45.3,0.9,-2129,-89,1/6,-1449,False
5m,london,fvg,raw,struct,1249,45.3,0.9,-2129,-89,1/6,-1449,False
5m,london,sweep,bias,fix3,473,39.5,0.75,-2150,-90,1/6,-608,False
5m,london,sweep,bias,struct,473,39.5,0.75,-2150,-90,1/6,-608,False
15m,london+ny,ob,pd,fix2,717,33.1,0.83,-2194,-91,1/6,-1336,False
15m,asian,ob,raw,fix2,889,34.5,0.87,-2214,-92,2/6,-1241,False
5m,london,sweep,bias,fix2,464,33.0,0.75,-2314,-96,1/6,-893,False
1h,all,sweep,raw,fix2,598,31.1,0.79,-2335,-97,0/6,-636,False
5m,london,fvg,raw,fix2,1182,38.2,0.89,-2488,-104,1/6,-1917,False
15m,london,sweep,raw,fix2,424,30.4,0.7,-2490,-104,1/6,-739,False
5m,all,sweep,bias+mss,fix3,1029,42.6,0.86,-2493,-104,0/6,-780,False
5m,all,sweep,bias+mss,struct,1029,42.6,0.86,-2493,-104,0/6,-780,False
5m,london,ob,pd,fix3,856,41.4,0.83,-2543,-106,0/6,-879,False
5m,london,ob,pd,struct,856,41.4,0.83,-2543,-106,0/6,-879,False
5m,asian,ob,raw,fix2,1524,36.9,0.91,-2612,-109,2/6,-1355,False
5m,ny,ob,raw,fix3,1315,42.1,0.88,-2627,-109,0/6,-1080,False
5m,ny,ob,raw,struct,1315,42.1,0.88,-2627,-109,0/6,-1080,False
5m,ny,ob,pd,fix2,1002,35.0,0.85,-2718,-113,2/6,-1488,False
15m,ny,sweep,raw,fix2,576,31.1,0.76,-2728,-114,1/6,-1190,False
5m,all,sweep,bias+mss,fix2,988,35.6,0.85,-2860,-119,1/6,-838,False
15m,asian,ob,raw,fix3,946,38.7,0.82,-2933,-122,0/6,-1115,False
15m,asian,ob,raw,struct,946,38.7,0.82,-2933,-122,0/6,-1115,False
5m,ny,ob,pd,fix3,1054,41.0,0.83,-2946,-123,2/6,-1255,False
5m,ny,ob,pd,struct,1054,41.0,0.83,-2946,-123,2/6,-1255,False
5m,london+ny,ob,raw,fix3,1878,42.9,0.9,-2998,-125,1/6,-1242,False
5m,london+ny,ob,raw,struct,1878,42.9,0.9,-2998,-125,1/6,-1242,False
5m,london+ny,ob,pd,fix2,1442,35.9,0.89,-3016,-126,2/6,-1505,False
5m,asian,ob,raw,fix3,1692,43.2,0.89,-3207,-134,1/6,-1282,False
5m,asian,ob,raw,struct,1692,43.2,0.89,-3207,-134,1/6,-1282,False
5m,asian,ob,pd+sweep,fix2,923,34.2,0.8,-3576,-149,0/6,-1566,False
5m,london+ny,sweep,bias,fix3,1016,40.5,0.79,-3663,-153,1/6,-1249,False
5m,london+ny,sweep,bias,struct,1016,40.5,0.79,-3663,-153,1/6,-1249,False
5m,all,ob,raw,fix3,2658,43.5,0.91,-3781,-158,2/6,-1554,False
5m,all,ob,raw,struct,2658,43.5,0.91,-3781,-158,2/6,-1554,False
15m,london+ny,sweep,raw,fix3,998,37.8,0.78,-3870,-161,1/6,-983,False
15m,london+ny,sweep,raw,struct,998,37.8,0.78,-3870,-161,1/6,-983,False
5m,london+ny,sweep,bias,fix2,986,33.8,0.79,-3925,-164,1/6,-1383,False
5m,london+ny,ob,pd,fix3,1542,41.2,0.83,-4317,-180,0/6,-1565,False
5m,london+ny,ob,pd,struct,1542,41.2,0.83,-4317,-180,0/6,-1565,False
5m,ny,sweep,raw,fix3,1227,40.1,0.8,-4318,-180,1/6,-1176,False
5m,ny,sweep,raw,struct,1227,40.1,0.8,-4318,-180,1/6,-1176,False
5m,asian,ob,pd+sweep,fix3,975,39.4,0.75,-4349,-181,0/6,-1427,False
5m,asian,ob,pd+sweep,struct,975,39.4,0.75,-4349,-181,0/6,-1427,False
5m,all,fvg,raw,fix3,4820,46.3,0.94,-4447,-185,2/6,-2250,False
5m,all,fvg,raw,struct,4820,46.3,0.94,-4447,-185,2/6,-2250,False
15m,london+ny,sweep,raw,fix2,933,31.2,0.75,-4523,-188,1/6,-1059,False
5m,london,sweep,raw,fix2,950,32.7,0.75,-4808,-200,0/6,-1276,False
5m,ny,sweep,raw,fix2,1143,33.1,0.78,-4847,-202,0/6,-1677,False
5m,london,sweep,raw,fix3,1017,38.5,0.72,-5200,-217,0/6,-1361,False
5m,london,sweep,raw,struct,1017,38.5,0.72,-5200,-217,0/6,-1361,False
5m,all,ob,pd+sweep,fix2,2016,35.3,0.85,-5498,-229,0/6,-1760,False
5m,asian,sweep,bias,fix2,917,31.8,0.7,-5567,-232,0/6,-2322,False
5m,asian,sweep,bias,fix3,961,37.7,0.68,-5650,-235,0/6,-1950,False
5m,asian,sweep,bias,struct,961,37.7,0.68,-5650,-235,0/6,-1950,False
5m,all,ob,pd+sweep,fix3,2179,41.0,0.82,-6733,-281,0/6,-1970,False
5m,all,ob,pd+sweep,struct,2179,41.0,0.82,-6733,-281,0/6,-1970,False
15m,all,sweep,raw,fix3,2456,39.4,0.84,-6966,-290,1/6,-2354,False
15m,all,sweep,raw,struct,2456,39.4,0.84,-6966,-290,1/6,-2354,False
15m,all,sweep,raw,fix2,2162,33.4,0.82,-7291,-304,1/6,-2132,False
5m,asian,ob,pd,fix3,1416,37.9,0.71,-7357,-307,1/6,-2146,False
5m,asian,ob,pd,struct,1416,37.9,0.71,-7357,-307,1/6,-2146,False
5m,asian,ob,pd,fix2,1307,31.5,0.72,-7425,-309,1/6,-2156,False
5m,london+ny,sweep,raw,fix2,2038,33.5,0.78,-8551,-356,1/6,-2474,False
5m,all,ob,pd,fix2,2137,33.5,0.79,-8848,-369,0/6,-2934,False
5m,london+ny,sweep,raw,fix3,2217,39.3,0.76,-9451,-394,0/6,-2536,False
5m,london+ny,sweep,raw,struct,2217,39.3,0.76,-9451,-394,0/6,-2536,False
5m,asian,sweep,raw,fix2,1823,31.5,0.7,-11034,-460,0/6,-2721,False
5m,all,ob,pd,fix3,2326,38.3,0.73,-11150,-465,0/6,-2714,False
5m,all,ob,pd,struct,2326,38.3,0.73,-11150,-465,0/6,-2714,False
5m,asian,sweep,raw,fix3,2017,37.6,0.7,-11348,-473,0/6,-2653,False
5m,asian,sweep,raw,struct,2017,37.6,0.7,-11348,-473,0/6,-2653,False
5m,all,sweep,bias,fix3,2951,40.3,0.78,-11672,-486,0/6,-3546,False
5m,all,sweep,bias,struct,2951,40.3,0.78,-11672,-486,0/6,-3546,False
5m,all,sweep,bias,fix2,2737,33.8,0.78,-11715,-488,1/6,-3860,False
5m,all,sweep,raw,fix2,5308,33.0,0.76,-24980,-1041,0/6,-6124,False
5m,all,sweep,raw,fix3,6130,39.2,0.75,-27424,-1143,0/6,-6331,False
5m,all,sweep,raw,struct,6130,39.2,0.75,-27424,-1143,0/6,-6331,False
