tf,session,setup,filters,target,is_n,is_win,is_net,is_pf,oos_n,oos_win,oos_net,oos_pf,total_net,PASS
5m,all,fvg,bias,fix2,2201,46.5,11305,1.32,1287,48.6,11422,1.63,22727,True
5m,all,fvg,raw,fix2,2725,44.3,9899,1.22,1823,44.0,10117,1.36,20016,True
5m,all,fvg,bias,struct,2466,51.6,9103,1.26,1384,53.5,9402,1.53,18504,True
5m,asian,fvg,bias,fix2,876,49.4,6437,1.49,544,51.5,5962,1.82,12399,True
5m,asian,fvg,raw,fix2,1308,46.0,6492,1.31,914,44.1,5063,1.36,11556,True
5m,london+ny,fvg,raw,fix2,1577,44.4,5987,1.23,944,43.3,4832,1.33,10819,True
5m,asian,fvg,bias,struct,981,54.7,5597,1.42,583,55.7,4789,1.67,10386,True
5m,london+ny,fvg,bias,fix2,967,46.3,4909,1.32,516,48.6,4632,1.64,9541,True
15m,all,fvg,raw,fix2,1121,43.4,3919,1.21,677,44.9,4507,1.45,8426,True
5m,london+ny,fvg,bias,struct,1023,51.2,3494,1.24,539,54.7,4170,1.62,7664,True
5m,all,ob,pd+bias,fix2,1013,43.0,4568,1.29,518,46.1,3934,1.54,8502,True
15m,all,fvg,bias,fix2,842,47.4,5359,1.42,451,47.0,3687,1.57,9045,True
5m,all,ob,pd+bias,struct,1098,48.3,3369,1.22,559,50.8,3171,1.44,6539,True
15m,all,fvg,bias,struct,896,50.8,4647,1.36,476,50.2,2939,1.46,7586,True
5m,ny,fvg,raw,fix2,1003,47.7,6411,1.42,588,43.0,2923,1.32,9334,True
5m,ny,fvg,bias,fix2,590,48.6,4105,1.46,290,49.0,2701,1.67,6807,True
5m,london,fvg,bias,fix2,521,45.9,2382,1.28,264,49.6,2523,1.69,4905,True
5m,all,ob,pd+bias+sweep,fix2,720,41.9,2583,1.22,344,45.3,2422,1.49,5006,True
5m,london,fvg,bias,struct,559,51.3,1795,1.22,277,56.0,2361,1.7,4155,True
5m,ny,fvg,bias,struct,610,53.6,3141,1.38,300,54.0,2161,1.57,5302,True
5m,ny,fvg,raw,struct,1062,52.0,4324,1.29,609,48.1,2160,1.25,6484,True
5m,london+ny,fvg,pd+bias,fix2,554,44.2,1898,1.21,271,47.2,2121,1.54,4019,True
15m,asian,fvg,bias,fix2,419,48.4,2945,1.47,244,45.1,1641,1.45,4585,True
15m,asian,fvg,raw,fix2,750,43.2,2477,1.2,468,40.6,1592,1.21,4068,True
15m,all,ob,pd+bias,fix2,322,46.6,2535,1.55,168,47.0,1518,1.66,4053,True
15m,all,ob,pd+bias,struct,358,49.4,1786,1.37,189,52.9,1464,1.64,3250,True
15m,all,fvg,pd+bias,fix2,475,46.9,2790,1.38,236,44.5,1458,1.41,4248,True
5m,ny,fvg,pd+bias,fix2,321,45.2,1364,1.26,146,47.9,1229,1.59,2593,True
15m,london+ny,fvg,bias,fix2,392,46.2,2225,1.36,186,44.6,1178,1.42,3403,True
15m,ny,fvg,raw,fix2,464,43.8,1888,1.25,265,41.9,1162,1.28,3049,True
15m,asian,fvg,bias,struct,434,51.8,2460,1.4,253,47.8,1138,1.32,3597,True
15m,all,fvg,pd+bias,struct,495,50.1,2103,1.29,236,47.5,1135,1.34,3237,True
5m,london,fvg,pd+bias,fix2,265,45.3,1074,1.25,134,47.8,1089,1.56,2163,True
1h,all,fvg,raw,struct,287,44.3,2075,1.46,141,45.4,896,1.44,2971,True
5m,ny,ob,pd+bias,fix2,334,46.7,2424,1.51,165,42.4,887,1.36,3312,True
15m,london+ny,fvg,bias,struct,401,50.6,2155,1.38,190,47.4,866,1.32,3021,True
5m,all,ob,pd+bias+sweep+mss,fix2,244,45.9,1563,1.43,113,46.0,862,1.54,2425,True
1h,all,fvg,bias,struct,225,55.1,3951,2.39,100,47.0,840,1.6,4791,True
1h,asian,fvg,bias,struct,148,45.3,1329,1.58,66,51.5,807,1.95,2136,True
1h,all,fvg,raw,fix2,278,42.8,1116,1.25,137,42.3,731,1.35,1848,True
15m,asian,fvg,pd+bias,fix2,195,49.2,1461,1.51,95,45.3,639,1.45,2100,True
5m,ny,ob,pd+bias,struct,342,52.6,2008,1.45,168,47.6,637,1.28,2645,True
1h,all,fvg,bias,fix2,219,53.0,2493,1.86,95,44.2,632,1.45,3124,True
5m,all,ob,pd+bias+sweep+mss,struct,246,50.4,988,1.29,115,49.6,551,1.36,1539,True
1h,london,fvg,bias,struct,71,53.5,1047,2.13,39,53.8,545,2.13,1592,True
15m,all,ob,pd+bias+sweep+mss,fix2,94,41.5,392,1.26,38,52.6,513,2.1,906,True
15m,asian,fvg,pd+bias,struct,202,53.0,1202,1.43,96,49.0,510,1.38,1712,True
1h,asian,fvg,bias,fix2,148,44.6,760,1.33,64,45.3,477,1.52,1236,True
1h,london,fvg,raw,struct,144,41.7,632,1.27,86,44.2,433,1.34,1066,True
1h,all,ob,pd+bias,fix2,105,43.8,692,1.45,37,48.6,422,1.91,1114,True
1h,london,fvg,bias,fix2,71,49.3,628,1.62,39,48.7,385,1.72,1013,True
1h,london+ny,fvg,bias,struct,129,55.8,2239,2.4,52,46.2,364,1.49,2603,True
5m,ny,ob,pd+bias+sweep,fix2,207,44.9,1247,1.41,84,40.5,344,1.26,1591,True
1h,london+ny,fvg,bias,fix2,128,52.3,1421,1.83,52,44.2,337,1.43,1758,True
1h,all,sweep,bias+mss,struct,63,42.9,205,1.21,21,57.1,295,2.42,500,True
15m,ny,ob,pd+bias+sweep+mss,fix2,37,40.5,141,1.24,21,52.4,278,2.07,420,True
1h,all,ob,pd+bias,struct,106,47.2,766,1.52,37,48.6,275,1.59,1041,True
1h,all,ob,pd+bias+sweep,fix2,62,43.5,404,1.44,22,45.5,208,1.73,611,True
1h,all,ob,pd+bias+sweep,struct,63,46.0,333,1.38,23,47.8,170,1.6,504,True
1h,ny,fvg,bias,struct,83,53.0,1197,2.09,27,40.7,146,1.34,1343,True
1h,london+ny,ob,pd+bias,fix2,63,39.7,213,1.21,26,38.5,84,1.2,297,True
5m,all,fvg,raw,struct,3079,48.3,5179,1.11,1974,48.3,6959,1.25,12138,False
5m,all,fvg,pd+bias,fix2,1402,42.6,3041,1.13,725,46.3,5102,1.47,8143,False
5m,all,fvg,pd+bias,struct,1487,48.0,1646,1.07,753,51.9,4273,1.43,5920,False
5m,asian,fvg,raw,struct,1472,50.2,4138,1.19,982,48.9,3856,1.28,7994,False
5m,london+ny,fvg,raw,struct,1683,49.4,4014,1.16,982,48.5,3675,1.27,7690,False
15m,all,fvg,raw,struct,1206,47.1,3320,1.18,726,48.2,3630,1.36,6951,False
5m,all,ob,raw,fix2,1492,39.3,2369,1.09,846,40.5,3136,1.24,5504,False
15m,london+ny,fvg,raw,fix2,679,42.1,1864,1.17,389,43.7,2224,1.37,4088,False
5m,asian,fvg,pd+bias,fix2,490,42.9,1101,1.13,249,49.0,2222,1.63,3323,False
5m,london,fvg,raw,fix2,872,39.8,106,1.01,526,42.0,2065,1.25,2171,False
5m,london+ny,fvg,pd+bias,struct,561,49.0,967,1.11,275,53.1,1875,1.53,2843,False
5m,london,fvg,raw,struct,948,46.6,354,1.02,545,48.1,1845,1.24,2199,False
5m,asian,fvg,pd+bias,struct,519,48.6,693,1.09,256,54.3,1800,1.55,2493,False
15m,london+ny,fvg,raw,struct,702,47.0,2026,1.19,399,47.1,1795,1.31,3821,False
15m,london,fvg,raw,struct,458,43.2,-116,0.98,223,51.6,1652,1.56,1536,False
5m,all,ob,pd+bias+sweep,struct,754,47.1,1595,1.14,362,48.6,1526,1.31,3122,False
15m,all,ob,raw,fix2,569,38.5,1013,1.11,362,40.1,1445,1.26,2458,False
5m,london+ny,ob,raw,fix2,1069,38.4,1025,1.06,637,38.1,1419,1.14,2444,False
15m,london,fvg,raw,fix2,447,36.2,-799,0.9,221,44.8,1408,1.42,608,False
5m,asian,ob,pd+bias,fix2,464,39.9,838,1.11,201,45.3,1368,1.47,2206,False
1h,asian,fvg,raw,struct,259,38.6,394,1.09,128,48.4,1337,1.77,1731,False
5m,london+ny,ob,pd+sweep,struct,676,43.0,-318,0.97,392,46.9,1317,1.24,999,False
5m,asian,ob,pd+bias,struct,488,45.5,507,1.07,214,51.4,1245,1.45,1752,False
5m,all,ob,raw,struct,1683,43.8,270,1.01,934,43.7,1202,1.09,1471,False
5m,london,fvg,pd+bias,struct,271,49.4,473,1.11,137,55.5,1178,1.69,1651,False
15m,all,ob,raw,struct,624,44.7,1352,1.15,400,44.8,1091,1.19,2443,False
15m,asian,ob,pd+sweep,fix2,275,34.9,-277,0.94,113,46.9,1080,1.71,802,False
15m,all,sweep,bias,fix2,721,34.5,-1232,0.9,342,39.2,1065,1.2,-167,False
15m,asian,ob,pd+sweep,struct,283,40.6,-223,0.95,118,52.5,1007,1.71,784,False
5m,asian,ob,pd+bias+sweep,fix2,290,35.5,-426,0.92,113,48.7,990,1.65,564,False
15m,london,fvg,bias,fix2,239,41.8,589,1.15,96,50.0,980,1.75,1569,False
15m,london,fvg,bias,struct,243,46.9,553,1.15,97,54.6,964,1.8,1517,False
15m,all,ob,pd+bias+sweep,fix2,240,40.0,758,1.2,115,45.2,911,1.57,1669,False
1h,asian,fvg,raw,fix2,258,37.2,-77,0.98,125,44.8,904,1.5,827,False
15m,all,ob,pd+bias+sweep,struct,255,43.9,370,1.1,126,51.6,896,1.58,1265,False
1h,asian,ob,raw,struct,177,41.8,400,1.15,77,51.9,858,1.91,1258,False
5m,london+ny,ob,raw,struct,1168,42.6,-651,0.96,695,43.5,857,1.08,206,False
5m,asian,ob,raw,struct,1078,43.6,-370,0.98,618,43.9,843,1.09,473,False
15m,all,ob,pd+sweep,fix2,491,37.7,616,1.07,280,38.6,838,1.19,1454,False
5m,ny,fvg,pd+bias,struct,321,50.5,894,1.19,147,51.7,836,1.43,1729,False
15m,all,ob,pd+sweep,struct,517,41.6,-35,1.0,296,44.6,810,1.19,774,False
5m,london,ob,raw,fix2,585,38.3,432,1.04,368,38.3,809,1.14,1241,False
15m,asian,sweep,raw,struct,625,41.3,-597,0.94,316,43.7,792,1.17,195,False
5m,london+ny,ob,pd+sweep,fix2,649,38.1,450,1.04,367,38.1,783,1.13,1234,False
5m,asian,ob,raw,fix2,969,37.8,185,1.01,558,37.3,779,1.08,964,False
5m,ny,ob,pd+sweep,struct,452,44.0,154,1.02,247,46.6,770,1.22,924,False
15m,london,ob,pd,struct,276,37.7,-818,0.82,150,48.0,760,1.37,-59,False
5m,asian,ob,pd+bias+sweep,struct,295,41.7,-445,0.91,120,52.5,759,1.51,315,False
15m,london,ob,pd,fix2,273,33.0,-645,0.87,147,41.5,758,1.34,112,False
15m,all,sweep,bias,struct,787,41.0,-561,0.96,363,43.8,753,1.14,193,False
5m,ny,ob,pd+sweep,fix2,437,40.0,998,1.14,236,39.4,719,1.19,1718,False
5m,london+ny,ob,pd+bias,fix2,511,45.2,3101,1.41,252,38.9,697,1.17,3799,False
15m,ny,fvg,raw,struct,471,48.0,1862,1.27,270,44.1,673,1.16,2535,False
15m,london,ob,raw,fix2,349,39.3,797,1.14,191,39.3,664,1.22,1461,False
15m,asian,fvg,raw,struct,786,47.8,2251,1.19,491,42.8,658,1.09,2909,False
15m,london+ny,ob,pd+bias,fix2,247,39.3,583,1.15,108,42.6,651,1.41,1234,False
1h,asian,ob,pd,struct,109,37.6,-204,0.89,50,54.0,648,2.11,444,False
15m,asian,ob,pd,fix2,436,33.9,-819,0.9,211,38.4,637,1.19,-183,False
15m,all,sweep,raw,struct,1578,38.3,-4081,0.85,944,41.2,619,1.04,-3462,False
15m,ny,sweep,raw,fix2,377,26.3,-2787,0.63,206,38.8,604,1.18,-2183,False
5m,london,ob,raw,struct,640,44.2,104,1.01,403,43.9,581,1.1,685,False
15m,ny,ob,pd+bias,fix2,166,37.3,145,1.05,82,43.9,578,1.49,723,False
5m,all,sweep,bias+mss,fix2,682,34.3,-1990,0.84,386,37.6,577,1.09,-1413,False
5m,london+ny,sweep,bias,fix2,675,31.6,-3055,0.76,357,37.5,552,1.09,-2503,False
5m,london+ny,ob,pd+bias,struct,535,51.0,2552,1.35,259,44.8,526,1.14,3078,False
15m,asian,sweep,raw,fix2,581,36.5,-252,0.98,303,37.3,522,1.1,270,False
15m,all,ob,pd,struct,542,39.1,-974,0.89,326,42.9,519,1.11,-455,False
15m,asian,ob,pd+bias,struct,191,42.4,52,1.02,79,50.6,518,1.51,570,False
5m,ny,ob,pd,struct,672,39.9,-1545,0.86,380,43.7,512,1.09,-1032,False
15m,london+ny,ob,pd+bias,struct,254,44.9,484,1.13,115,47.0,484,1.31,968,False
1h,asian,ob,raw,fix2,171,35.1,-6,1.0,76,42.1,459,1.41,453,False
15m,asian,ob,pd,struct,462,39.8,-682,0.91,220,42.7,456,1.14,-227,False
5m,all,ob,pd+sweep,fix2,1275,35.1,-1923,0.92,739,36.4,454,1.04,-1470,False
15m,london,ob,raw,struct,361,46.3,1069,1.2,199,43.7,446,1.15,1515,False
1h,asian,ob,pd+sweep,struct,57,36.8,-119,0.87,28,60.7,443,2.58,323,False
5m,asian,ob,pd+bias+sweep+mss,fix2,84,41.7,240,1.17,38,52.6,441,1.94,681,False
5m,all,sweep,bias+mss,struct,717,41.3,-1499,0.87,393,43.8,441,1.07,-1058,False
1h,london,fvg,raw,fix2,143,39.9,246,1.1,85,42.4,438,1.33,684,False
1h,asian,ob,pd,fix2,107,30.8,-332,0.83,48,45.8,425,1.64,93,False
15m,ny,sweep,raw,struct,396,34.6,-1928,0.73,217,43.8,424,1.13,-1504,False
15m,asian,ob,pd+bias+sweep,struct,107,37.4,-327,0.82,34,58.8,412,2.14,86,False
1h,asian,ob,pd+sweep,fix2,57,31.6,-136,0.87,28,53.6,409,2.23,273,False
15m,all,ob,pd+bias+sweep+mss,struct,95,45.3,254,1.18,39,56.4,402,1.91,655,False
5m,ny,ob,raw,fix2,768,37.5,304,1.02,438,36.3,380,1.05,684,False
15m,all,ob,pd,fix2,505,32.9,-1179,0.87,299,36.5,373,1.08,-806,False
5m,london+ny,ob,pd,struct,970,40.4,-1990,0.88,566,42.6,351,1.04,-1639,False
5m,ny,ob,pd,fix2,642,34.7,-1155,0.9,359,36.5,345,1.06,-810,False
15m,asian,sweep,bias,struct,309,41.4,-285,0.94,114,45.6,342,1.21,57,False
1h,london+ny,ob,pd+sweep,fix2,80,35.0,-1,1.0,37,45.9,331,1.65,331,False
5m,london+ny,ob,pd+bias+sweep,fix2,330,43.6,1645,1.33,136,38.2,321,1.15,1967,False
15m,ny,ob,pd+bias,struct,169,45.6,396,1.16,84,46.4,320,1.28,715,False
5m,asian,ob,pd+bias+sweep+mss,struct,84,42.9,-94,0.93,38,55.3,315,1.71,222,False
5m,london+ny,ob,pd,fix2,914,35.7,-976,0.94,522,36.0,311,1.04,-666,False
1h,all,sweep,bias+mss,fix2,63,34.9,-24,0.98,21,52.4,311,2.33,286,False
5m,ny,sweep,bias+mss,fix2,158,36.7,-146,0.95,73,41.1,310,1.27,163,False
15m,asian,ob,pd+bias,fix2,181,36.5,36,1.01,74,40.5,300,1.26,336,False
15m,london,fvg,pd+bias,fix2,113,41.6,241,1.13,39,46.2,289,1.5,530,False
15m,asian,sweep,bias,fix2,298,35.2,-425,0.92,109,38.5,284,1.16,-141,False
5m,london+ny,sweep,raw,fix2,1323,32.0,-5512,0.78,803,36.0,275,1.02,-5237,False
15m,london+ny,ob,pd+bias+sweep+mss,struct,54,40.7,24,1.03,24,58.3,273,2.05,297,False
5m,asian,sweep,bias+mss,fix2,241,32.8,-1006,0.78,105,39.0,272,1.16,-733,False
1h,all,ob,pd+sweep,fix2,126,36.5,149,1.07,52,40.4,270,1.35,420,False
15m,london+ny,ob,pd+bias+sweep,fix2,159,35.8,16,1.01,65,40.0,264,1.26,280,False
15m,ny,ob,pd+bias+sweep+mss,struct,37,43.2,70,1.13,22,59.1,255,2.09,325,False
5m,ny,sweep,raw,struct,801,38.1,-3013,0.78,466,42.5,245,1.03,-2768,False
5m,ny,sweep,bias+mss,struct,163,46.6,247,1.1,74,47.3,244,1.24,490,False
15m,all,sweep,bias+mss,fix2,283,34.6,-522,0.9,114,37.7,236,1.13,-285,False
5m,ny,sweep,bias,struct,380,39.7,-1016,0.84,192,43.8,232,1.08,-784,False
5m,ny,ob,raw,struct,834,42.3,-548,0.96,473,42.3,231,1.03,-317,False
5m,asian,sweep,bias+mss,struct,250,39.6,-846,0.8,108,45.4,228,1.14,-617,False
15m,asian,ob,pd+bias+sweep,fix2,104,30.8,-408,0.79,32,43.8,226,1.49,-182,False
15m,london+ny,ob,pd+bias+sweep+mss,fix2,54,38.9,127,1.14,23,47.8,226,1.72,353,False
5m,london,sweep,bias,fix2,321,30.2,-1854,0.71,171,37.4,225,1.08,-1629,False
1h,asian,ob,pd+bias,fix2,45,28.9,-208,0.75,18,50.0,215,1.94,7,False
5m,ny,sweep,raw,fix2,746,31.1,-3475,0.76,432,36.1,214,1.03,-3261,False
15m,asian,ob,raw,fix2,566,33.9,-1175,0.89,325,35.4,214,1.04,-961,False
15m,ny,ob,raw,fix2,426,33.1,-995,0.87,263,35.7,211,1.05,-783,False
1h,london+ny,ob,pd+sweep,struct,80,41.2,77,1.06,38,47.4,207,1.41,284,False
1h,all,ob,pd+sweep,struct,127,38.6,-27,0.99,53,43.4,206,1.28,179,False
15m,ny,ob,pd+bias+sweep,fix2,99,35.4,-12,0.99,50,40.0,203,1.26,191,False
5m,london+ny,ob,pd+bias+sweep,struct,338,49.7,1307,1.28,139,43.9,198,1.1,1505,False
5m,london+ny,sweep,bias+mss,fix2,244,36.1,-360,0.92,122,37.7,192,1.09,-168,False
1h,ny,ob,pd+bias,fix2,49,46.9,432,1.63,19,47.4,188,1.73,620,False
1h,ny,ob,pd+sweep,fix2,64,35.9,47,1.04,25,44.0,186,1.52,232,False
15m,london,ob,pd+bias,fix2,121,34.7,-124,0.94,45,40.0,182,1.26,58,False
15m,ny,fvg,bias,fix2,244,47.5,1622,1.44,126,38.1,182,1.09,1804,False
1h,asian,fvg,pd+bias,struct,52,48.1,784,2.04,16,50.0,182,1.84,966,False
1h,asian,ob,pd+bias,struct,45,35.6,-128,0.83,19,52.6,181,1.79,53,False
5m,ny,ob,pd+bias+sweep,struct,211,51.7,1126,1.41,87,44.8,173,1.14,1299,False
5m,ny,sweep,bias,fix2,369,32.2,-1409,0.8,189,36.5,171,1.05,-1238,False
5m,london+ny,sweep,bias,struct,707,38.8,-2489,0.8,361,42.7,169,1.03,-2320,False
5m,all,sweep,bias,fix2,1875,33.0,-6967,0.8,1020,35.9,156,1.01,-6811,False
1h,ny,ob,raw,fix2,159,32.7,-300,0.89,82,36.6,149,1.11,-151,False
15m,london,fvg,pd+bias,struct,114,46.5,219,1.12,39,46.2,146,1.26,365,False
1h,london,ob,pd+sweep,fix2,34,38.2,83,1.15,18,44.4,142,1.56,225,False
5m,london+ny,sweep,bias+mss,struct,252,45.2,134,1.03,123,43.9,140,1.08,274,False
15m,ny,ob,pd,struct,356,39.6,-542,0.91,216,41.2,140,1.04,-402,False
15m,london+ny,ob,raw,fix2,535,36.8,292,1.03,338,35.2,137,1.02,430,False
15m,london+ny,ob,pd+bias+sweep,struct,161,41.0,-59,0.98,69,43.5,137,1.14,79,False
1h,all,fvg,pd+bias,struct,108,52.8,1839,2.29,46,39.1,135,1.18,1974,False
5m,asian,ob,pd+sweep,fix2,605,33.9,-1626,0.86,330,36.4,129,1.02,-1497,False
15m,ny,ob,raw,struct,449,39.4,-603,0.92,277,40.8,126,1.03,-477,False
1h,ny,fvg,raw,struct,157,45.9,1155,1.48,59,39.0,125,1.13,1281,False
1h,ny,ob,pd+sweep,struct,64,39.1,-35,0.97,26,46.2,124,1.35,89,False
1h,london+ny,fvg,raw,fix2,232,43.1,982,1.27,111,36.9,122,1.07,1104,False
1h,london,fvg,pd+bias,struct,19,36.8,123,1.36,15,46.7,122,1.58,245,False
15m,london+ny,fvg,pd+bias,fix2,209,44.0,826,1.24,90,37.8,109,1.07,935,False
1h,ny,ob,pd+bias,struct,49,51.0,546,1.86,19,47.4,100,1.39,646,False
15m,london,ob,pd+bias,struct,121,40.5,-124,0.94,46,43.5,98,1.15,-26,False
15m,all,sweep,raw,fix2,1384,32.3,-4621,0.82,839,35.2,89,1.01,-4532,False
5m,london,ob,pd+sweep,struct,310,43.5,-146,0.97,191,42.4,87,1.03,-59,False
15m,london,ob,pd+sweep,struct,161,36.6,-596,0.78,69,42.0,87,1.08,-509,False
15m,london,ob,pd+sweep,fix2,160,32.5,-441,0.85,69,36.2,85,1.07,-356,False
1h,asian,ob,pd+bias+sweep,struct,17,35.3,-26,0.91,10,50.0,85,1.67,59,False
5m,all,ob,pd+sweep,struct,1372,41.0,-2487,0.89,803,42.0,75,1.01,-2412,False
1h,all,fvg,pd+bias,fix2,108,52.8,1182,1.83,45,37.8,73,1.1,1256,False
15m,all,sweep,bias+mss,struct,291,37.8,-866,0.82,120,41.7,72,1.04,-794,False
1h,asian,sweep,bias+mss,fix2,17,35.3,-4,0.99,6,50.0,71,1.93,67,False
5m,london+ny,ob,pd+bias+sweep+mss,fix2,107,51.4,1172,1.84,40,37.5,70,1.11,1242,False
1h,ny,sweep,bias+mss,fix2,22,40.9,98,1.29,4,50.0,70,3.42,168,False
5m,all,ob,pd,fix2,1368,32.5,-4747,0.81,742,35.7,61,1.0,-4687,False
1h,london,ob,pd+sweep,struct,34,47.1,151,1.32,18,44.4,58,1.23,209,False
1h,asian,sweep,bias+mss,struct,17,41.2,88,1.33,6,50.0,58,1.76,146,False
15m,london,ob,pd+bias+sweep,fix2,72,36.1,2,1.0,21,38.1,55,1.16,58,False
15m,ny,ob,pd+bias+sweep,struct,101,42.6,85,1.06,52,42.3,53,1.07,138,False
1h,london,fvg,pd+bias,fix2,19,31.6,-84,0.77,15,40.0,52,1.22,-32,False
1h,ny,sweep,bias+mss,struct,22,40.9,10,1.03,4,50.0,52,2.8,62,False
1h,all,ob,pd+bias+sweep+mss,fix2,24,41.7,118,1.32,4,50.0,47,1.93,166,False
1h,asian,ob,pd+bias+sweep,fix2,17,35.3,4,1.01,10,40.0,45,1.29,49,False
1h,asian,fvg,pd+bias,fix2,53,49.1,428,1.57,15,40.0,45,1.19,473,False
15m,london,ob,pd+bias+sweep,struct,72,38.9,-153,0.87,21,42.9,42,1.14,-110,False
1h,all,ob,pd+bias+sweep+mss,struct,24,45.8,130,1.38,4,50.0,42,1.83,172,False
15m,asian,sweep,bias+mss,struct,113,39.8,-220,0.88,42,42.9,41,1.06,-179,False
5m,ny,ob,pd+bias+sweep+mss,fix2,75,54.7,1004,2.1,27,37.0,38,1.08,1042,False
15m,ny,ob,pd,fix2,341,31.4,-1202,0.81,209,34.9,29,1.01,-1173,False
1h,ny,fvg,bias,fix2,82,51.2,834,1.74,27,37.0,29,1.06,863,False
15m,london+ny,ob,raw,struct,573,43.1,720,1.08,359,40.4,24,1.0,744,False
1h,london+ny,sweep,bias+mss,fix2,34,41.2,151,1.29,6,33.3,19,1.24,170,False
15m,london,ob,pd+bias+sweep+mss,struct,19,42.1,26,1.09,2,50.0,18,1.69,44,False
1h,ny,ob,pd,fix2,118,32.2,-268,0.87,58,34.5,14,1.01,-254,False
1h,ny,fvg,raw,fix2,155,42.6,602,1.24,59,35.6,10,1.01,612,False
5m,london,ob,pd+bias+sweep+mss,fix2,32,43.8,168,1.35,14,35.7,5,1.02,173,False
1h,london+ny,sweep,bias+mss,struct,34,47.1,155,1.33,6,33.3,1,1.01,156,False
1h,asian,ob,pd+bias+sweep+mss,fix2,6,66.7,142,3.64,0,0.0,0,0.0,142,False
1h,asian,ob,pd+bias+sweep+mss,struct,6,66.7,118,3.19,0,0.0,0,0.0,118,False
1h,ny,ob,pd+bias+sweep+mss,fix2,6,33.3,-7,0.93,0,0.0,0,0.0,-7,False
1h,ny,ob,pd+bias+sweep+mss,struct,6,33.3,0,1.0,0,0.0,0,0.0,0,False
1h,london+ny,fvg,raw,struct,237,44.7,1787,1.49,111,36.9,0,1.0,1787,False
1h,asian,sweep,bias,fix2,63,41.3,268,1.27,35,34.3,-3,1.0,265,False
15m,asian,sweep,bias+mss,fix2,111,35.1,-181,0.91,40,35.0,-4,0.99,-185,False
1h,ny,ob,pd+bias+sweep,fix2,26,46.2,222,1.61,6,33.3,-4,0.96,218,False
15m,asian,ob,pd+bias+sweep+mss,fix2,28,39.3,60,1.13,9,33.3,-8,0.95,52,False
15m,london,sweep,bias+mss,struct,47,36.2,-189,0.77,15,40.0,-12,0.95,-201,False
1h,london+ny,ob,pd+bias,struct,64,45.3,425,1.46,26,38.5,-16,0.96,410,False
1h,ny,ob,pd+bias+sweep,struct,26,53.8,260,1.83,6,33.3,-24,0.77,236,False
1h,london,ob,pd+bias+sweep+mss,fix2,2,50.0,21,1.76,1,0.0,-25,0.0,-4,False
1h,london,ob,pd+bias+sweep+mss,struct,2,50.0,15,1.55,1,0.0,-25,0.0,-10,False
1h,london+ny,ob,pd+bias+sweep+mss,fix2,8,37.5,14,1.1,1,0.0,-25,0.0,-12,False
1h,london+ny,ob,pd+bias+sweep+mss,struct,8,37.5,15,1.12,1,0.0,-25,0.0,-10,False
5m,all,sweep,bias,struct,2066,39.5,-6617,0.81,1076,42.0,-30,1.0,-6647,False
1h,london+ny,ob,pd+bias+sweep,fix2,32,40.6,139,1.28,10,30.0,-30,0.83,109,False
15m,london+ny,fvg,pd+bias,struct,211,48.8,713,1.23,90,40.0,-33,0.98,680,False
15m,asian,ob,pd+bias+sweep+mss,struct,29,44.8,33,1.08,9,33.3,-36,0.77,-3,False
1h,london+ny,fvg,pd+bias,struct,52,55.8,963,2.48,25,32.0,-40,0.91,923,False
1h,ny,sweep,bias,fix2,68,27.9,-357,0.72,23,30.4,-41,0.89,-397,False
1h,london,sweep,bias+mss,fix2,12,41.7,53,1.28,2,0.0,-51,0.0,2,False
1h,london,sweep,bias+mss,struct,12,58.3,145,2.08,2,0.0,-51,0.0,94,False
15m,london,ob,pd+bias+sweep+mss,fix2,19,36.8,6,1.02,2,0.0,-52,0.0,-46,False
1h,london,ob,pd+bias+sweep,fix2,6,16.7,-83,0.37,5,20.0,-52,0.49,-135,False
5m,london,ob,pd+bias+sweep+mss,struct,33,48.5,94,1.2,14,35.7,-55,0.77,38,False
1h,london,ob,pd+bias,fix2,17,23.5,-148,0.57,11,27.3,-57,0.72,-205,False
1h,all,sweep,bias,fix2,201,33.3,-308,0.91,88,33.0,-59,0.96,-367,False
1h,ny,sweep,raw,struct,148,27.0,-1279,0.55,66,34.8,-61,0.94,-1340,False
1h,london+ny,ob,pd+bias+sweep,struct,32,50.0,235,1.56,10,30.0,-62,0.65,173,False
1h,london,ob,pd+bias+sweep,struct,6,33.3,-25,0.76,5,20.0,-63,0.38,-88,False
1h,all,ob,pd,struct,160,38.1,58,1.02,67,35.8,-65,0.94,-8,False
15m,london,sweep,bias,struct,130,42.3,47,1.02,59,39.0,-67,0.93,-19,False
1h,london+ny,fvg,pd+bias,fix2,52,51.9,565,1.81,25,32.0,-68,0.85,497,False
15m,london,sweep,bias+mss,fix2,47,34.0,-97,0.89,14,28.6,-71,0.73,-168,False
1h,all,ob,raw,fix2,186,40.9,793,1.27,79,32.9,-71,0.95,722,False
1h,london,sweep,raw,struct,110,46.4,513,1.33,42,35.7,-78,0.89,435,False
5m,ny,ob,pd+bias+sweep+mss,struct,75,61.3,864,2.12,27,37.0,-83,0.81,781,False
15m,london+ny,ob,pd,struct,465,39.8,-638,0.92,286,39.9,-84,0.98,-722,False
15m,london+ny,sweep,bias,struct,313,39.6,-524,0.9,143,39.9,-84,0.96,-608,False
15m,ny,fvg,bias,struct,245,52.2,1716,1.51,127,40.2,-87,0.96,1629,False
1h,london,ob,pd+bias,struct,17,29.4,-110,0.65,11,27.3,-88,0.57,-198,False
1h,all,ob,pd,fix2,155,32.9,-257,0.91,66,31.8,-91,0.92,-347,False
1h,asian,sweep,bias,struct,62,48.4,418,1.49,36,33.3,-93,0.85,325,False
1h,ny,sweep,bias,struct,68,30.9,-420,0.66,23,30.4,-95,0.75,-515,False
1h,london+ny,ob,pd,fix2,139,30.9,-443,0.82,83,32.5,-101,0.93,-544,False
1h,ny,fvg,pd+bias,struct,41,56.1,678,2.34,13,23.1,-106,0.61,572,False
1h,london,sweep,raw,fix2,110,37.3,120,1.06,42,31.0,-107,0.86,12,False
15m,ny,sweep,bias,struct,197,39.1,-430,0.87,85,38.8,-108,0.92,-538,False
1h,ny,ob,raw,struct,161,35.4,-229,0.92,83,36.1,-110,0.92,-339,False
1h,london,sweep,bias,fix2,43,41.9,197,1.3,13,23.1,-111,0.57,86,False
5m,london+ny,ob,pd+bias+sweep+mss,struct,108,57.4,958,1.77,40,37.5,-112,0.83,846,False
1h,ny,ob,pd,struct,121,34.7,-215,0.9,59,35.6,-113,0.88,-329,False
5m,london,sweep,bias,struct,333,37.5,-1512,0.75,171,40.9,-117,0.96,-1629,False
15m,london+ny,sweep,raw,struct,645,36.1,-2515,0.78,369,40.1,-119,0.98,-2634,False
15m,ny,sweep,bias+mss,struct,67,37.3,-222,0.8,32,34.4,-121,0.78,-343,False
15m,ny,sweep,bias,fix2,187,28.3,-1140,0.68,84,33.3,-124,0.92,-1264,False
1h,ny,fvg,pd+bias,fix2,41,53.7,497,1.93,13,23.1,-125,0.53,372,False
1h,london+ny,sweep,bias,fix2,102,32.4,-222,0.88,35,28.6,-125,0.8,-347,False
1h,london,sweep,bias,struct,43,53.5,422,1.8,13,23.1,-127,0.5,294,False
5m,london,ob,pd+bias+sweep,struct,144,46.5,214,1.1,65,38.5,-128,0.88,86,False
5m,london,sweep,bias+mss,struct,90,43.3,-69,0.95,50,38.0,-129,0.84,-198,False
15m,london+ny,sweep,bias+mss,struct,113,37.2,-382,0.8,47,36.2,-134,0.83,-515,False
1h,all,ob,raw,struct,197,48.2,1534,1.57,80,35.0,-138,0.9,1396,False
5m,london,sweep,bias+mss,fix2,89,34.8,-225,0.86,50,32.0,-143,0.84,-368,False
1h,london+ny,ob,raw,fix2,191,33.5,-248,0.93,114,32.5,-144,0.93,-392,False
1h,london,ob,pd,struct,69,44.9,257,1.26,41,34.1,-147,0.79,110,False
1h,london,ob,pd,fix2,69,39.1,213,1.19,41,29.3,-148,0.8,66,False
15m,ny,sweep,bias+mss,fix2,67,32.8,-210,0.82,32,28.1,-156,0.74,-366,False
15m,london+ny,ob,pd+sweep,struct,342,38.6,-712,0.87,182,39.0,-160,0.94,-872,False
5m,london+ny,sweep,raw,struct,1432,38.1,-5736,0.77,882,41.5,-171,0.99,-5908,False
1h,asian,sweep,raw,struct,187,38.0,-187,0.94,98,35.7,-183,0.89,-370,False
1h,all,sweep,bias,struct,208,41.3,326,1.1,89,33.7,-193,0.87,132,False
5m,asian,sweep,bias,fix2,674,30.9,-3675,0.72,308,35.1,-195,0.96,-3870,False
1h,london+ny,sweep,bias,struct,106,39.6,-1,1.0,35,28.6,-196,0.68,-197,False
1h,london,ob,raw,struct,121,40.5,194,1.1,62,33.9,-212,0.8,-18,False
15m,ny,fvg,pd+bias,fix2,122,46.7,727,1.38,58,31.0,-220,0.8,506,False
15m,london+ny,sweep,bias+mss,fix2,113,33.6,-279,0.86,46,28.3,-227,0.74,-505,False
15m,ny,fvg,pd+bias,struct,121,51.2,571,1.33,58,34.5,-228,0.78,343,False
1h,london+ny,ob,pd,struct,141,35.5,-189,0.92,84,34.5,-234,0.83,-422,False
5m,london,ob,pd+bias,struct,255,49.4,893,1.25,115,38.3,-238,0.87,655,False
5m,asian,ob,pd+sweep,struct,638,39.5,-1937,0.82,352,40.9,-241,0.96,-2178,False
1h,london+ny,sweep,raw,struct,238,35.7,-616,0.85,102,34.3,-246,0.85,-863,False
15m,london,sweep,bias,fix2,130,36.9,21,1.01,58,29.3,-251,0.77,-230,False
15m,london+ny,ob,pd,fix2,442,33.0,-976,0.88,275,33.5,-261,0.95,-1237,False
15m,ny,ob,pd+sweep,struct,228,41.2,-51,0.99,129,37.2,-265,0.87,-316,False
1h,asian,sweep,raw,fix2,184,33.2,-362,0.89,92,30.4,-266,0.84,-628,False
1h,london+ny,ob,raw,struct,195,37.9,207,1.06,115,34.8,-272,0.86,-66,False
5m,london,ob,pd+bias+sweep,fix2,141,40.4,350,1.15,65,29.2,-290,0.76,60,False
15m,london+ny,sweep,bias,fix2,298,31.5,-1113,0.8,139,32.4,-295,0.88,-1409,False
15m,london+ny,ob,pd+sweep,fix2,330,33.9,-488,0.92,173,32.4,-309,0.9,-797,False
1h,ny,sweep,raw,fix2,144,26.4,-930,0.67,66,27.3,-322,0.73,-1252,False
15m,asian,ob,raw,struct,603,38.8,-1193,0.88,345,38.6,-329,0.94,-1522,False
1h,london,ob,raw,fix2,120,35.0,-10,0.99,61,26.2,-358,0.69,-369,False
1h,london+ny,sweep,raw,fix2,223,30.0,-883,0.79,101,28.7,-395,0.78,-1278,False
15m,london+ny,sweep,raw,fix2,606,29.5,-3084,0.73,341,33.4,-399,0.93,-3484,False
5m,asian,sweep,bias,struct,717,37.0,-3575,0.72,321,40.2,-407,0.92,-3982,False
15m,ny,ob,pd+sweep,fix2,220,35.9,20,1.01,122,30.3,-411,0.81,-391,False
5m,london,ob,pd+bias,fix2,239,43.1,1031,1.27,113,30.1,-425,0.79,606,False
5m,london,sweep,raw,fix2,608,32.6,-2468,0.79,393,34.1,-452,0.93,-2920,False
5m,london,sweep,raw,struct,649,38.2,-2733,0.76,426,40.1,-496,0.93,-3230,False
5m,london,ob,pd+sweep,fix2,300,36.0,-293,0.95,184,31.5,-508,0.85,-801,False
5m,london,ob,pd,struct,540,43.0,-376,0.96,321,38.9,-543,0.9,-919,False
15m,london,sweep,raw,struct,282,39.4,-561,0.88,163,35.0,-567,0.8,-1128,False
1h,all,sweep,raw,struct,452,37.2,-689,0.91,232,34.1,-596,0.85,-1285,False
5m,london,ob,pd,fix2,511,37.8,183,1.02,300,32.3,-649,0.88,-467,False
5m,asian,ob,pd,struct,917,38.1,-3520,0.78,515,39.4,-762,0.91,-4282,False
15m,london,sweep,raw,fix2,277,31.4,-1136,0.78,156,28.2,-802,0.73,-1937,False
1h,all,sweep,raw,fix2,404,31.9,-1052,0.86,198,28.8,-821,0.77,-1873,False
5m,all,ob,pd,struct,1494,37.8,-5609,0.78,803,40.0,-886,0.93,-6495,False
5m,asian,ob,pd,fix2,847,32.1,-3335,0.79,471,32.3,-1127,0.87,-4462,False
5m,all,sweep,raw,fix2,3350,31.9,-15048,0.77,2238,34.8,-1448,0.96,-16496,False
5m,asian,sweep,raw,fix2,1203,31.5,-5939,0.75,736,32.6,-1760,0.87,-7700,False
5m,asian,sweep,raw,struct,1340,37.9,-5841,0.75,816,38.1,-1893,0.86,-7734,False
5m,all,sweep,raw,struct,3914,38.4,-15306,0.78,2561,40.6,-1980,0.95,-17286,False
