time,open,high,low,close,volume
2024-06-21 00:00:00+00:00,2360.728,2368.558,2316.588,2321.755,52.109574
2024-06-23 00:00:00+00:00,2322.775,2322.775,2317.575,2319.085,0.99617
2024-06-24 00:00:00+00:00,2318.995,2334.595,2317.818,2330.755,50.11206
2024-06-25 00:00:00+00:00,2330.815,2337.018,2315.405,2319.898,54.351625
2024-06-26 00:00:00+00:00,2319.845,2323.738,2293.464,2298.258,53.33399
2024-06-27 00:00:00+00:00,2298.288,2330.825,2296.425,2327.588,50.64962
2024-06-28 00:00:00+00:00,2327.618,2339.635,2318.905,2326.275,52.46118
2024-06-30 00:00:00+00:00,2326.315,2326.775,2322.505,2324.825,1.04375
2024-07-01 00:00:00+00:00,2324.815,2338.388,2318.395,2332.138,47.37399
2024-07-02 00:00:00+00:00,2332.095,2336.668,2318.945,2330.138,47.0182
2024-07-03 00:00:00+00:00,2330.115,2364.795,2326.685,2358.675,48.80899
2024-07-04 00:00:00+00:00,2358.725,2362.385,2350.364,2356.655,25.97143
2024-07-05 00:00:00+00:00,2356.655,2392.815,2347.515,2390.705,52.92526
2024-07-07 00:00:00+00:00,2385.498,2390.008,2384.625,2385.938,1.70114
2024-07-08 00:00:00+00:00,2385.915,2390.935,2350.915,2361.655,49.65465
2024-07-09 00:00:00+00:00,2361.645,2371.358,2349.455,2364.918,44.306802
2024-07-10 00:00:00+00:00,2364.828,2386.548,2363.168,2372.694,42.388083
2024-07-11 00:00:00+00:00,2372.708,2424.395,2371.375,2415.875,70.43156
2024-07-12 00:00:00+00:00,2415.875,2418.128,2391.325,2410.534,52.562044
2024-07-14 00:00:00+00:00,2412.455,2414.855,2405.525,2408.545,1.44533
2024-07-15 00:00:00+00:00,2408.575,2439.628,2401.225,2422.435,57.082245
2024-07-16 00:00:00+00:00,2422.435,2469.865,2419.835,2468.175,63.7728
2024-07-17 00:00:00+00:00,2468.148,2483.548,2451.425,2461.215,69.013194
2024-07-18 00:00:00+00:00,2461.215,2474.805,2440.195,2441.148,59.990619
2024-07-19 00:00:00+00:00,2441.148,2441.218,2393.675,2400.485,53.30982
2024-07-21 00:00:00+00:00,2401.298,2411.815,2400.875,2411.435,2.41754
2024-07-22 00:00:00+00:00,2411.435,2412.035,2383.715,2395.565,53.137415
2024-07-23 00:00:00+00:00,2395.555,2411.908,2388.135,2408.408,63.22082
2024-07-24 00:00:00+00:00,2408.408,2431.945,2392.895,2398.595,59.68516
2024-07-25 00:00:00+00:00,2398.645,2399.935,2353.005,2363.635,75.29794
2024-07-26 00:00:00+00:00,2363.685,2390.655,2355.728,2386.765,45.85097
2024-07-28 00:00:00+00:00,2387.645,2402.995,2387.115,2396.875,2.92847
2024-07-29 00:00:00+00:00,2396.935,2402.395,2369.518,2380.988,53.30301
2024-07-30 00:00:00+00:00,2381.095,2412.705,2376.358,2409.675,58.82314
2024-07-31 00:00:00+00:00,2409.715,2450.848,2403.765,2445.638,66.33636
2024-08-01 00:00:00+00:00,2445.615,2462.125,2430.075,2445.705,84.67887
2024-08-02 00:00:00+00:00,2445.705,2477.494,2410.664,2443.055,83.55421
2024-08-04 00:00:00+00:00,2443.975,2447.345,2437.574,2440.865,4.75568
2024-08-05 00:00:00+00:00,2440.865,2458.655,2364.164,2404.675,121.351275
2024-08-06 00:00:00+00:00,2404.695,2418.215,2381.515,2383.748,82.42786
2024-08-07 00:00:00+00:00,2383.735,2406.858,2378.868,2384.685,96.089372
2024-08-08 00:00:00+00:00,2384.715,2427.848,2383.085,2424.445,72.03719
2024-08-09 00:00:00+00:00,2424.485,2436.884,2416.815,2430.925,58.787215
2024-08-11 00:00:00+00:00,2430.298,2433.305,2426.835,2427.765,1.2215
2024-08-12 00:00:00+00:00,2427.835,2475.855,2423.695,2475.425,53.852195
2024-08-13 00:00:00+00:00,2475.445,2476.845,2458.365,2463.975,55.26319
2024-08-14 00:00:00+00:00,2463.985,2479.715,2438.0,2449.295,54.956616
2024-08-15 00:00:00+00:00,2449.315,2469.945,2432.015,2457.195,59.063466
2024-08-16 00:00:00+00:00,2457.225,2509.638,2450.565,2506.844,60.440394
2024-08-18 00:00:00+00:00,2508.298,2509.998,2502.148,2506.305,2.30115
2024-08-19 00:00:00+00:00,2506.325,2507.345,2485.515,2503.515,57.75026
2024-08-20 00:00:00+00:00,2503.615,2531.558,2497.235,2512.795,68.92129
2024-08-21 00:00:00+00:00,2512.795,2519.795,2493.698,2512.585,50.47493
2024-08-22 00:00:00+00:00,2512.635,2514.545,2470.705,2487.475,51.132614
2024-08-23 00:00:00+00:00,2487.475,2518.195,2486.355,2512.235,61.692254
2024-08-25 00:00:00+00:00,2511.275,2516.585,2510.105,2515.785,2.15533
2024-08-26 00:00:00+00:00,2515.795,2526.708,2508.585,2515.335,66.49815
2024-08-27 00:00:00+00:00,2515.355,2528.888,2503.325,2525.178,59.84549
2024-08-28 00:00:00+00:00,2525.155,2525.725,2493.515,2508.094,56.075542
2024-08-29 00:00:00+00:00,2508.094,2528.558,2503.515,2519.435,52.111624
2024-08-30 00:00:00+00:00,2519.455,2526.725,2494.048,2502.925,49.710874
2024-09-01 00:00:00+00:00,2502.435,2504.545,2501.195,2502.885,1.05584
2024-09-02 00:00:00+00:00,2502.875,2507.125,2489.915,2497.175,27.238626
2024-09-03 00:00:00+00:00,2497.155,2506.165,2473.245,2493.155,49.193215
2024-09-04 00:00:00+00:00,2493.115,2500.145,2471.718,2495.695,55.48189
2024-09-05 00:00:00+00:00,2495.768,2523.448,2493.665,2517.125,51.457092
2024-09-06 00:00:00+00:00,2517.155,2529.125,2485.015,2497.035,61.94204
2024-09-08 00:00:00+00:00,2497.098,2498.124,2495.415,2496.745,1.46044
2024-09-09 00:00:00+00:00,2496.775,2507.515,2485.405,2506.625,56.52128
2024-09-10 00:00:00+00:00,2506.665,2518.688,2500.024,2518.555,49.589062
2024-09-11 00:00:00+00:00,2518.498,2528.885,2500.825,2511.778,74.557645
2024-09-12 00:00:00+00:00,2511.775,2559.978,2510.885,2558.344,65.42997
2024-09-13 00:00:00+00:00,2558.334,2585.965,2556.625,2577.615,74.527235
2024-09-15 00:00:00+00:00,2578.725,2580.464,2577.384,2579.025,1.98603
2024-09-16 00:00:00+00:00,2579.015,2589.515,2575.115,2583.545,53.53264
2024-09-17 00:00:00+00:00,2583.535,2586.835,2560.984,2573.885,55.333363
2024-09-18 00:00:00+00:00,2573.875,2599.995,2546.645,2559.175,73.35033
2024-09-19 00:00:00+00:00,2559.185,2594.775,2551.005,2587.135,72.26345
2024-09-20 00:00:00+00:00,2587.125,2625.574,2584.654,2621.504,80.40642
2024-09-22 00:00:00+00:00,2620.915,2622.615,2617.984,2620.165,2.84043
2024-09-23 00:00:00+00:00,2620.155,2634.715,2613.685,2626.205,67.78641
2024-09-24 00:00:00+00:00,2626.235,2664.204,2622.475,2658.035,80.08015
2024-09-25 00:00:00+00:00,2658.035,2670.348,2649.715,2656.188,64.13554
2024-09-26 00:00:00+00:00,2656.184,2685.405,2654.685,2672.495,78.36214
2024-09-27 00:00:00+00:00,2672.495,2674.134,2643.111,2657.955,95.500507
2024-09-29 00:00:00+00:00,2657.935,2664.905,2657.025,2663.418,3.67251
2024-09-30 00:00:00+00:00,2663.418,2665.858,2624.538,2635.595,74.572334
2024-10-01 00:00:00+00:00,2635.595,2672.908,2633.815,2660.218,59.15601
2024-10-02 00:00:00+00:00,2660.195,2663.194,2640.954,2660.135,51.416465
2024-10-03 00:00:00+00:00,2660.135,2662.775,2636.255,2655.615,45.40566
2024-10-04 00:00:00+00:00,2655.655,2670.065,2632.068,2653.545,52.80881
2024-10-06 00:00:00+00:00,2650.375,2652.615,2648.875,2650.055,2.09289
2024-10-07 00:00:00+00:00,2650.125,2659.465,2637.688,2642.855,47.93752
2024-10-08 00:00:00+00:00,2642.895,2652.885,2604.575,2621.865,75.616239
2024-10-09 00:00:00+00:00,2621.835,2624.165,2605.045,2608.745,48.562077
2024-10-10 00:00:00+00:00,2606.925,2635.855,2601.734,2633.005,73.368299
2024-10-11 00:00:00+00:00,2633.065,2661.258,2631.975,2656.835,48.63935
2024-10-13 00:00:00+00:00,2656.298,2656.775,2644.985,2647.865,3.13626
2024-10-14 00:00:00+00:00,2647.935,2666.705,2643.058,2649.255,39.311136
2024-10-15 00:00:00+00:00,2649.255,2668.805,2637.955,2660.345,58.64353
2024-10-16 00:00:00+00:00,2660.275,2685.298,2658.558,2673.998,50.279329
2024-10-17 00:00:00+00:00,2674.035,2696.605,2672.914,2693.635,61.036302
2024-10-18 00:00:00+00:00,2693.665,2722.405,2692.745,2721.105,66.03487
2024-10-20 00:00:00+00:00,2720.098,2724.915,2719.448,2723.315,1.99383
2024-10-21 00:00:00+00:00,2723.395,2740.418,2714.165,2721.325,70.781016
2024-10-22 00:00:00+00:00,2721.325,2748.775,2720.505,2746.408,58.48229
2024-10-23 00:00:00+00:00,2746.385,2758.338,2708.635,2721.178,77.671329
2024-10-24 00:00:00+00:00,2721.165,2743.175,2717.704,2733.688,65.5199
2024-10-25 00:00:00+00:00,2733.658,2747.635,2716.885,2746.625,58.38193
2024-10-27 00:00:00+00:00,2735.698,2740.095,2730.115,2735.655,3.9385
2024-10-28 00:00:00+00:00,2735.695,2745.788,2724.545,2744.285,62.524235
2024-10-29 00:00:00+00:00,2744.315,2775.265,2743.115,2774.885,65.42903
2024-10-30 00:00:00+00:00,2774.925,2789.925,2770.795,2785.258,66.09173
2024-10-31 00:00:00+00:00,2785.274,2790.005,2731.415,2746.545,79.632131
2024-11-01 00:00:00+00:00,2746.545,2762.048,2733.095,2735.895,80.49731
2024-11-03 00:00:00+00:00,2733.298,2740.215,2730.0,2738.235,1.741314
2024-11-04 00:00:00+00:00,2738.205,2748.015,2731.638,2736.225,53.71429
2024-11-05 00:00:00+00:00,2735.895,2749.875,2724.695,2745.495,59.911655
2024-11-06 00:00:00+00:00,2745.485,2749.605,2652.295,2663.875,113.596779
2024-11-07 00:00:00+00:00,2663.885,2710.244,2643.134,2706.785,84.54282
2024-11-08 00:00:00+00:00,2706.735,2710.235,2680.215,2684.035,80.28933
2024-11-10 00:00:00+00:00,2683.898,2685.515,2678.898,2685.465,1.17771
2024-11-11 00:00:00+00:00,2685.495,2686.025,2610.515,2623.855,87.38241
2024-11-12 00:00:00+00:00,2623.855,2627.015,2589.508,2598.775,63.079295
2024-11-13 00:00:00+00:00,2598.805,2618.628,2569.175,2570.694,78.42486
2024-11-14 00:00:00+00:00,2570.698,2577.315,2536.664,2566.775,100.18601
2024-11-15 00:00:00+00:00,2566.745,2575.908,2554.335,2562.715,88.42663
2024-11-17 00:00:00+00:00,2564.258,2575.338,2563.835,2571.255,1.81788
2024-11-18 00:00:00+00:00,2571.245,2614.955,2569.735,2612.435,68.24393
2024-11-19 00:00:00+00:00,2612.495,2639.325,2610.905,2635.015,76.62823
2024-11-20 00:00:00+00:00,2635.015,2655.275,2618.705,2652.025,66.27351
2024-11-21 00:00:00+00:00,2652.055,2673.385,2650.284,2669.018,64.034
2024-11-22 00:00:00+00:00,2669.008,2716.165,2668.718,2715.805,93.94057
2024-11-24 00:00:00+00:00,2713.375,2721.185,2691.251,2719.725,2.12729
2024-11-25 00:00:00+00:00,2719.705,2719.975,2605.085,2610.355,87.41226
2024-11-26 00:00:00+00:00,2610.365,2641.774,2608.498,2632.105,82.639865
2024-11-27 00:00:00+00:00,2632.145,2658.098,2626.935,2636.935,77.4849
2024-11-28 00:00:00+00:00,2637.005,2649.518,2620.815,2638.615,47.009875
2024-11-29 00:00:00+00:00,2638.615,2666.195,2633.925,2649.945,57.047065
2024-12-01 00:00:00+00:00,2653.075,2653.115,2642.975,2645.595,1.35939
2024-12-02 00:00:00+00:00,2645.748,2651.648,2622.0,2642.095,72.741163
2024-12-03 00:00:00+00:00,2642.145,2655.528,2633.965,2642.595,82.805755
2024-12-04 00:00:00+00:00,2642.605,2656.998,2632.315,2650.178,72.7899
2024-12-05 00:00:00+00:00,2650.208,2655.445,2623.385,2633.635,77.611234
2024-12-06 00:00:00+00:00,2633.625,2645.535,2612.585,2632.664,63.01621
2024-12-08 00:00:00+00:00,2646.52,2648.105,2636.148,2639.935,1.33378
2024-12-09 00:00:00+00:00,2639.925,2676.255,2627.455,2660.435,70.17125
2024-12-10 00:00:00+00:00,2660.415,2698.195,2657.805,2695.798,63.793
2024-12-11 00:00:00+00:00,2695.835,2721.005,2674.345,2717.395,108.195107
2024-12-12 00:00:00+00:00,2716.445,2717.325,2713.725,2715.505,2.66314
2024-12-13 00:00:00+00:00,2680.534,2692.595,2645.945,2647.385,83.78242
2024-12-15 00:00:00+00:00,2649.098,2652.845,2648.548,2651.345,0.92011
2024-12-16 00:00:00+00:00,2651.285,2664.248,2643.374,2651.565,66.45391
2024-12-17 00:00:00+00:00,2651.565,2658.465,2632.795,2647.198,62.88548
2024-12-18 00:00:00+00:00,2647.165,2651.525,2582.264,2587.948,113.158026
2024-12-19 00:00:00+00:00,2587.948,2626.325,2586.815,2593.385,92.131715
2024-12-20 00:00:00+00:00,2593.365,2631.698,2589.475,2622.435,68.36779
2024-12-22 00:00:00+00:00,2623.698,2624.545,2621.224,2624.098,0.93143
2024-12-23 00:00:00+00:00,2624.245,2633.135,2608.055,2615.348,68.313258
2024-12-24 00:00:00+00:00,2615.348,2621.205,2609.935,2616.348,41.051235
2024-12-25 00:00:00+00:00,2619.205,2619.825,2614.248,2618.205,0.66236
2024-12-26 00:00:00+00:00,2618.274,2638.975,2618.205,2632.478,45.15835
2024-12-27 00:00:00+00:00,2632.348,2638.105,2611.285,2621.348,53.268487
2024-12-29 00:00:00+00:00,2620.154,2625.998,2618.914,2623.748,0.74968
2024-12-30 00:00:00+00:00,2623.904,2627.985,2595.905,2606.548,74.40077
2024-12-31 00:00:00+00:00,2606.504,2627.364,2602.475,2624.255,46.8268
2025-01-01 00:00:00+00:00,2625.098,2626.005,2621.475,2623.555,0.76854
2025-01-02 00:00:00+00:00,2623.655,2660.375,2622.448,2658.295,65.552437
2025-01-03 00:00:00+00:00,2658.275,2665.185,2636.625,2639.898,64.408739
2025-01-05 00:00:00+00:00,2639.298,2642.235,2638.815,2640.848,1.07542
2025-01-06 00:00:00+00:00,2640.835,2649.305,2614.365,2634.465,72.42604
2025-01-07 00:00:00+00:00,2634.548,2664.098,2632.775,2649.555,59.18013
2025-01-08 00:00:00+00:00,2649.465,2669.844,2645.095,2662.475,68.04813
2025-01-09 00:00:00+00:00,2662.475,2678.395,2655.305,2669.795,61.46308
2025-01-10 00:00:00+00:00,2669.865,2697.709,2663.205,2689.755,92.653372
2025-01-12 00:00:00+00:00,2690.155,2690.868,2687.189,2690.868,1.1415
2025-01-13 00:00:00+00:00,2690.819,2693.245,2656.615,2667.675,84.55709
2025-01-14 00:00:00+00:00,2667.675,2679.198,2659.645,2675.415,68.422645
2025-01-15 00:00:00+00:00,2675.455,2697.448,2669.315,2694.625,69.601955
2025-01-16 00:00:00+00:00,2694.625,2724.565,2689.725,2714.448,78.60753
2025-01-17 00:00:00+00:00,2714.355,2717.375,2698.445,2702.645,59.46812
2025-01-19 00:00:00+00:00,2701.105,2702.765,2690.875,2696.245,1.83285
2025-01-20 00:00:00+00:00,2696.185,2713.655,2689.308,2710.205,42.00634
2025-01-21 00:00:00+00:00,2710.179,2745.848,2702.745,2744.058,57.77121
2025-01-22 00:00:00+00:00,2744.058,2763.205,2742.455,2755.188,49.19568
2025-01-23 00:00:00+00:00,2755.098,2758.655,2735.665,2754.365,66.88242
2025-01-24 00:00:00+00:00,2754.375,2785.825,2754.075,2769.805,62.84144
2025-01-26 00:00:00+00:00,2770.305,2770.405,2764.455,2767.285,1.69535
2025-01-27 00:00:00+00:00,2767.278,2772.415,2730.529,2741.615,57.07971
2025-01-28 00:00:00+00:00,2741.615,2764.875,2734.738,2762.545,52.49054
2025-01-29 00:00:00+00:00,2762.575,2765.985,2745.0,2760.035,67.476454
2025-01-30 00:00:00+00:00,2760.035,2798.305,2758.475,2795.965,73.372815
2025-01-31 00:00:00+00:00,2795.948,2816.935,2790.895,2798.085,74.38939
2025-02-02 00:00:00+00:00,2793.987,2803.148,2782.548,2792.545,2.31274
2025-02-03 00:00:00+00:00,2792.108,2830.305,2771.885,2813.548,75.213037
2025-02-04 00:00:00+00:00,2813.525,2845.335,2806.925,2841.035,59.80671
2025-02-05 00:00:00+00:00,2841.095,2882.215,2839.335,2868.985,48.56976
2025-02-06 00:00:00+00:00,2868.985,2873.085,2833.955,2857.835,53.19276
2025-02-07 00:00:00+00:00,2857.845,2886.605,2852.085,2860.135,49.766367
2025-02-09 00:00:00+00:00,2858.065,2870.305,2854.448,2867.198,0.97769
2025-02-10 00:00:00+00:00,2867.198,2921.455,2865.558,2917.655,58.954871
2025-02-11 00:00:00+00:00,2917.685,2942.665,2881.635,2898.375,58.200621
2025-02-12 00:00:00+00:00,2898.375,2909.035,2863.685,2905.498,50.949964
2025-02-13 00:00:00+00:00,2905.498,2932.215,2901.188,2930.935,45.09187
2025-02-14 00:00:00+00:00,2930.935,2939.935,2876.805,2882.085,54.175658
2025-02-16 00:00:00+00:00,2881.745,2893.405,2878.015,2879.075,1.493
2025-02-17 00:00:00+00:00,2879.095,2906.215,2879.095,2899.175,33.78706
2025-02-18 00:00:00+00:00,2899.135,2936.825,2891.775,2933.778,53.55673
2025-02-19 00:00:00+00:00,2933.778,2946.865,2918.365,2935.085,51.380815
2025-02-20 00:00:00+00:00,2935.125,2954.755,2923.945,2941.205,38.81297
2025-02-21 00:00:00+00:00,2941.255,2949.545,2916.615,2934.955,47.91815
2025-02-23 00:00:00+00:00,2934.815,2940.068,2933.198,2936.635,1.03293
2025-02-24 00:00:00+00:00,2936.485,2956.035,2921.055,2949.795,61.32619
2025-02-25 00:00:00+00:00,2949.745,2952.405,2888.085,2918.405,61.094415
2025-02-26 00:00:00+00:00,2918.485,2929.995,2890.588,2918.995,49.87912
2025-02-27 00:00:00+00:00,2918.975,2918.975,2867.565,2875.815,60.162735
2025-02-28 00:00:00+00:00,2875.825,2884.925,2832.455,2856.998,60.364789
2025-03-02 00:00:00+00:00,2855.205,2876.905,2855.075,2870.608,2.484604
2025-03-03 00:00:00+00:00,2870.608,2894.985,2858.735,2890.625,46.244995
2025-03-04 00:00:00+00:00,2890.605,2927.715,2881.648,2914.075,55.68225
2025-03-05 00:00:00+00:00,2913.945,2929.748,2894.145,2918.165,80.543
2025-03-06 00:00:00+00:00,2918.145,2926.425,2890.815,2910.058,54.483533
2025-03-07 00:00:00+00:00,2910.058,2930.185,2895.698,2909.355,44.577185
2025-03-09 00:00:00+00:00,2910.905,2916.678,2909.475,2915.908,1.75837
2025-03-10 00:00:00+00:00,2915.908,2918.125,2879.935,2884.405,74.01147
2025-03-11 00:00:00+00:00,2884.475,2922.048,2879.938,2915.148,50.798845
2025-03-12 00:00:00+00:00,2915.148,2940.348,2905.755,2937.925,54.37968
2025-03-13 00:00:00+00:00,2937.925,2989.785,2932.768,2986.195,56.390906
2025-03-14 00:00:00+00:00,2986.175,3004.725,2978.085,2983.795,57.662194
2025-03-16 00:00:00+00:00,2984.285,2993.905,2983.048,2989.915,2.46998
2025-03-17 00:00:00+00:00,2989.915,3002.665,2981.975,2999.518,46.76081
2025-03-18 00:00:00+00:00,2999.508,3038.058,2999.258,3031.528,55.57437
2025-03-19 00:00:00+00:00,3031.565,3051.758,3022.315,3049.875,47.54308
2025-03-20 00:00:00+00:00,3049.895,3057.245,3025.428,3046.245,55.12976
2025-03-21 00:00:00+00:00,3046.245,3047.265,2999.268,3022.705,48.944714
2025-03-23 00:00:00+00:00,3020.155,3026.045,3020.155,3024.515,0.93748
2025-03-24 00:00:00+00:00,3024.448,3033.135,3002.145,3009.595,51.113446
2025-03-25 00:00:00+00:00,3009.615,3035.905,3007.315,3020.775,43.084955
2025-03-26 00:00:00+00:00,3020.765,3031.945,3012.125,3021.395,43.245185
2025-03-27 00:00:00+00:00,3021.368,3059.518,3021.355,3055.275,46.696835
2025-03-28 00:00:00+00:00,3055.185,3086.725,3054.685,3083.898,45.318618
2025-03-30 00:00:00+00:00,3086.498,3097.715,3085.355,3088.898,2.05534
2025-03-31 00:00:00+00:00,3088.845,3127.825,3076.485,3120.348,47.05083
2025-04-01 00:00:00+00:00,3120.265,3148.835,3100.665,3114.998,51.671015
2025-04-02 00:00:00+00:00,3114.998,3167.548,3104.175,3162.475,45.516857
2025-04-03 00:00:00+00:00,3162.455,3164.575,3053.935,3112.625,58.99758
2025-04-04 00:00:00+00:00,3112.645,3136.435,3015.335,3037.998,63.93501
2025-04-06 00:00:00+00:00,3006.765,3032.185,2976.585,2999.548,7.48379
2025-04-07 00:00:00+00:00,2999.548,3055.18,2956.125,2981.075,76.924251
2025-04-08 00:00:00+00:00,2980.985,3022.485,2969.605,2978.265,47.953306
2025-04-09 00:00:00+00:00,2978.435,3099.465,2971.745,3086.495,70.98855
2025-04-10 00:00:00+00:00,3086.495,3191.045,3078.105,3188.775,56.86397
2025-04-11 00:00:00+00:00,3188.755,3245.025,3184.665,3236.375,50.91518
2025-04-13 00:00:00+00:00,3229.155,3229.205,3209.205,3223.545,3.14712
2025-04-14 00:00:00+00:00,3223.575,3245.515,3193.315,3212.395,41.222941
2025-04-15 00:00:00+00:00,3212.375,3251.665,3209.685,3251.665,28.73903
2025-04-16 00:00:00+00:00,3251.655,3357.455,3251.455,3349.885,51.73498
2025-04-17 00:00:00+00:00,3349.925,3356.065,3283.345,3326.925,37.30403
2025-04-20 00:00:00+00:00,3331.835,3352.965,3327.985,3347.975,3.62455
2025-04-21 00:00:00+00:00,3348.295,3444.045,3347.285,3434.954,40.71072
2025-04-22 00:00:00+00:00,3434.986,3499.915,3312.625,3336.315,49.518575
2025-04-23 00:00:00+00:00,3336.345,3386.375,3259.485,3316.145,50.834085
2025-04-24 00:00:00+00:00,3316.165,3370.065,3306.245,3348.745,44.30234
2025-04-25 00:00:00+00:00,3348.755,3362.685,3264.785,3318.625,39.32681
2025-04-27 00:00:00+00:00,3324.265,3335.995,3298.275,3302.415,2.325211
2025-04-28 00:00:00+00:00,3302.485,3352.835,3267.765,3337.325,37.418755
2025-04-29 00:00:00+00:00,3337.285,3339.665,3299.325,3316.775,30.660095
2025-04-30 00:00:00+00:00,3316.825,3327.865,3266.875,3272.545,53.00875
2025-05-01 00:00:00+00:00,3272.575,3276.095,3201.685,3236.955,52.76836
2025-05-02 00:00:00+00:00,3237.129,3268.805,3222.395,3239.415,37.65372
2025-05-04 00:00:00+00:00,3239.195,3252.115,3236.745,3247.745,4.11522
2025-05-05 00:00:00+00:00,3247.775,3337.495,3240.885,3333.765,37.5677
2025-05-06 00:00:00+00:00,3333.665,3437.655,3321.108,3400.385,78.01724
2025-05-07 00:00:00+00:00,3400.495,3401.075,3359.735,3376.015,49.36051
2025-05-08 00:00:00+00:00,3376.259,3414.705,3288.445,3316.025,64.30413
2025-05-09 00:00:00+00:00,3316.065,3347.365,3274.295,3323.345,46.04004
2025-05-11 00:00:00+00:00,3271.805,3292.675,3265.485,3287.315,5.61857
2025-05-12 00:00:00+00:00,3287.375,3289.675,3207.495,3236.585,48.40652
2025-05-13 00:00:00+00:00,3236.585,3265.405,3215.535,3253.925,38.16755
2025-05-14 00:00:00+00:00,3254.145,3254.305,3167.545,3185.815,53.556102
2025-05-15 00:00:00+00:00,3185.815,3251.805,3120.205,3236.845,58.378577
2025-05-16 00:00:00+00:00,3236.815,3244.245,3153.475,3202.465,52.22236
2025-05-18 00:00:00+00:00,3218.455,3245.025,3205.785,3234.265,8.04747
2025-05-19 00:00:00+00:00,3234.295,3249.505,3206.305,3222.195,34.96582
2025-05-20 00:00:00+00:00,3222.225,3303.765,3204.205,3290.435,47.40858
2025-05-21 00:00:00+00:00,3290.385,3324.748,3285.105,3319.835,44.54945
2025-05-22 00:00:00+00:00,3320.075,3345.198,3278.789,3299.748,49.04005
2025-05-23 00:00:00+00:00,3299.825,3365.798,3286.765,3356.575,44.55431
2025-05-25 00:00:00+00:00,3355.698,3356.085,3340.905,3342.298,2.52835
2025-05-26 00:00:00+00:00,3342.425,3356.598,3323.298,3345.945,22.72567
2025-05-27 00:00:00+00:00,3345.915,3349.748,3284.159,3309.148,34.365944
2025-05-28 00:00:00+00:00,3309.148,3325.318,3249.725,3259.548,38.48907
2025-05-29 00:00:00+00:00,3259.548,3330.775,3245.198,3315.395,46.1968
2025-05-30 00:00:00+00:00,3315.395,3322.448,3271.095,3288.865,39.64316
2025-06-01 00:00:00+00:00,3298.375,3316.448,3295.208,3309.935,3.19559
2025-06-02 00:00:00+00:00,3309.955,3391.935,3301.195,3387.198,48.670105
2025-06-03 00:00:00+00:00,3387.225,3388.398,3332.575,3359.698,41.070311
2025-06-04 00:00:00+00:00,3359.698,3384.495,3343.448,3377.935,44.53929
2025-06-05 00:00:00+00:00,3377.865,3403.178,3339.048,3361.648,43.364498
2025-06-06 00:00:00+00:00,3361.648,3375.348,3306.915,3309.625,43.1145
2025-06-08 00:00:00+00:00,3311.395,3320.985,3309.018,3317.798,1.93787
2025-06-09 00:00:00+00:00,3317.905,3338.065,3293.198,3326.555,39.25162
2025-06-10 00:00:00+00:00,3326.575,3348.895,3301.698,3327.755,41.76469
2025-06-11 00:00:00+00:00,3327.825,3373.168,3319.405,3365.265,36.17324
2025-06-12 00:00:00+00:00,3365.165,3398.745,3338.385,3395.545,41.42845
2025-06-13 00:00:00+00:00,3395.425,3446.648,3391.465,3431.855,60.38744
2025-06-15 00:00:00+00:00,3451.065,3451.065,3428.075,3444.015,3.75857
2025-06-16 00:00:00+00:00,3443.998,3451.085,3382.525,3402.598,32.53515
2025-06-17 00:00:00+00:00,3402.635,3403.098,3365.835,3387.155,34.495605
2025-06-18 00:00:00+00:00,3387.098,3399.845,3362.355,3374.885,37.90683
2025-06-19 00:00:00+00:00,3374.925,3387.798,3347.265,3368.585,29.36543
2025-06-20 00:00:00+00:00,3368.585,3374.265,3340.175,3368.005,24.73658
2025-06-22 00:00:00+00:00,3390.698,3396.648,3370.898,3372.498,2.90047
2025-06-23 00:00:00+00:00,3372.455,3393.348,3341.095,3343.898,30.99922
2025-06-24 00:00:00+00:00,3343.998,3357.615,3295.098,3324.015,32.90689
2025-06-25 00:00:00+00:00,3323.975,3340.015,3311.705,3338.805,23.24615
2025-06-26 00:00:00+00:00,3338.835,3350.025,3309.695,3318.498,31.64041
2025-06-27 00:00:00+00:00,3318.395,3321.845,3255.485,3273.335,32.07957
2025-06-29 00:00:00+00:00,3272.145,3281.298,3244.925,3263.585,2.39311
2025-06-30 00:00:00+00:00,3263.555,3314.398,3259.195,3312.298,35.71737
2025-07-01 00:00:00+00:00,3312.249,3357.865,3309.675,3337.875,39.4124
2025-07-02 00:00:00+00:00,3337.935,3365.455,3327.275,3349.098,28.84398
2025-07-03 00:00:00+00:00,3349.115,3363.545,3311.215,3330.648,31.387335
2025-07-04 00:00:00+00:00,3330.565,3344.905,3325.615,3336.248,19.65351
2025-07-06 00:00:00+00:00,3334.015,3342.348,3326.065,3328.655,1.19404
2025-07-07 00:00:00+00:00,3328.685,3345.548,3296.195,3334.398,45.60032
2025-07-08 00:00:00+00:00,3334.398,3339.285,3286.905,3301.995,37.50152
2025-07-09 00:00:00+00:00,3302.005,3320.955,3282.425,3317.425,36.12896
2025-07-10 00:00:00+00:00,3317.445,3330.085,3309.905,3323.555,31.28017
2025-07-11 00:00:00+00:00,3323.505,3368.559,3323.345,3354.725,47.17755
2025-07-13 00:00:00+00:00,3362.948,3373.705,3358.698,3367.498,2.11359
2025-07-14 00:00:00+00:00,3367.498,3374.805,3340.755,3345.048,27.5476
2025-07-15 00:00:00+00:00,3345.035,3366.148,3320.055,3330.798,28.49215
2025-07-16 00:00:00+00:00,3330.825,3377.185,3319.499,3346.275,43.75175
2025-07-17 00:00:00+00:00,3346.248,3347.165,3309.575,3340.055,29.91483
2025-07-18 00:00:00+00:00,3340.095,3361.035,3331.645,3349.655,24.98191
2025-07-20 00:00:00+00:00,3349.898,3350.015,3344.798,3348.898,0.71213
2025-07-21 00:00:00+00:00,3348.835,3402.475,3347.418,3396.298,34.429965
2025-07-22 00:00:00+00:00,3396.298,3433.279,3383.115,3427.305,33.66338
2025-07-23 00:00:00+00:00,3427.305,3438.655,3381.215,3389.885,42.239278
2025-07-24 00:00:00+00:00,3389.985,3393.165,3351.168,3369.148,43.091436
2025-07-25 00:00:00+00:00,3369.145,3373.295,3324.805,3335.575,31.840465
2025-07-27 00:00:00+00:00,3316.938,3337.148,3316.938,3333.398,2.28649
2025-07-28 00:00:00+00:00,3333.395,3345.145,3301.465,3312.405,29.24922
2025-07-29 00:00:00+00:00,3312.385,3333.908,3307.815,3327.198,27.33374
2025-07-30 00:00:00+00:00,3327.175,3333.815,3267.955,3285.075,46.51912
2025-07-31 00:00:00+00:00,3285.045,3314.705,3282.535,3288.355,39.601517
2025-08-01 00:00:00+00:00,3288.375,3363.425,3281.435,3362.425,42.01171
2025-08-03 00:00:00+00:00,3364.698,3369.085,3354.315,3361.805,1.25493
2025-08-04 00:00:00+00:00,3361.785,3385.205,3344.748,3377.198,31.69339
2025-08-05 00:00:00+00:00,3377.198,3390.289,3349.639,3383.065,33.11691
2025-08-06 00:00:00+00:00,3383.005,3385.098,3358.015,3369.905,28.95794
2025-08-07 00:00:00+00:00,3369.935,3408.675,3364.895,3400.109,83.65879
2025-08-08 00:00:00+00:00,3400.119,3404.213,3373.288,3398.579,167.316881
2025-08-10 00:00:00+00:00,3397.298,3404.798,3389.359,3391.255,1.47933
2025-08-11 00:00:00+00:00,3391.275,3391.425,3340.808,3348.848,66.01246
2025-08-12 00:00:00+00:00,3348.848,3359.198,3330.898,3350.435,44.33102
2025-08-13 00:00:00+00:00,3350.435,3370.505,3342.439,3362.565,33.86923
2025-08-14 00:00:00+00:00,3362.565,3374.555,3329.645,3335.248,41.06366
2025-08-15 00:00:00+00:00,3335.245,3348.595,3332.155,3334.645,24.42638
2025-08-17 00:00:00+00:00,3336.015,3338.848,3323.335,3326.895,1.06745
2025-08-18 00:00:00+00:00,3326.945,3358.215,3326.625,3330.745,33.45901
2025-08-19 00:00:00+00:00,3330.725,3345.165,3312.665,3314.135,30.607914
2025-08-20 00:00:00+00:00,3313.935,3351.935,3311.255,3346.765,31.47341
2025-08-21 00:00:00+00:00,3346.735,3347.935,3324.948,3338.185,23.45293
2025-08-22 00:00:00+00:00,3338.145,3378.585,3321.045,3371.235,32.52505
2025-08-24 00:00:00+00:00,3370.835,3371.698,3365.685,3368.865,0.75241
2025-08-25 00:00:00+00:00,3368.845,3376.135,3351.435,3354.648,18.89894
2025-08-26 00:00:00+00:00,3354.725,3394.195,3351.175,3390.648,30.9339
2025-08-27 00:00:00+00:00,3390.575,3399.175,3373.665,3395.465,29.66893
2025-08-28 00:00:00+00:00,3395.485,3423.069,3384.445,3414.508,37.07819
2025-08-29 00:00:00+00:00,3414.508,3453.565,3404.185,3446.805,44.56016
2025-08-31 00:00:00+00:00,3445.648,3452.255,3441.825,3447.685,1.49737
2025-09-01 00:00:00+00:00,3447.685,3489.595,3436.548,3478.965,37.97847
2025-09-02 00:00:00+00:00,3478.915,3539.849,3469.805,3529.698,64.79058
2025-09-03 00:00:00+00:00,3529.698,3578.175,3526.508,3560.175,52.32286
2025-09-04 00:00:00+00:00,3560.215,3563.148,3510.425,3552.415,41.840492
2025-09-05 00:00:00+00:00,3552.395,3599.905,3544.605,3585.195,46.95684
2025-09-07 00:00:00+00:00,3582.104,3596.349,3577.698,3590.798,4.68014
2025-09-08 00:00:00+00:00,3590.798,3646.115,3579.365,3634.735,44.26152
2025-09-09 00:00:00+00:00,3634.695,3673.645,3618.505,3633.355,47.728056
2025-09-10 00:00:00+00:00,3633.385,3657.238,3619.965,3644.685,30.60957
2025-09-11 00:00:00+00:00,3644.705,3648.895,3611.465,3631.595,38.55128
2025-09-12 00:00:00+00:00,3631.575,3656.435,3630.295,3642.635,28.85532
2025-09-14 00:00:00+00:00,3643.605,3646.048,3636.665,3637.965,1.12728
2025-09-15 00:00:00+00:00,3637.955,3685.345,3626.148,3676.598,32.42056
2025-09-16 00:00:00+00:00,3676.598,3702.828,3674.455,3694.085,42.350143
2025-09-17 00:00:00+00:00,3694.065,3707.308,3645.765,3668.748,49.343026
2025-09-18 00:00:00+00:00,3668.835,3672.785,3627.465,3639.895,39.329062
2025-09-19 00:00:00+00:00,3639.985,3685.089,3631.938,3684.489,36.63602
2025-09-21 00:00:00+00:00,3686.698,3691.895,3683.365,3686.065,1.98933
2025-09-22 00:00:00+00:00,3686.085,3748.948,3685.235,3747.598,37.67035
2025-09-23 00:00:00+00:00,3747.598,3790.865,3736.455,3763.535,47.827075
2025-09-24 00:00:00+00:00,3763.505,3778.998,3717.348,3742.815,44.15052
2025-09-25 00:00:00+00:00,3742.775,3761.425,3721.915,3744.475,46.634826
2025-09-26 00:00:00+00:00,3744.445,3783.595,3734.275,3759.005,42.37341
2025-09-28 00:00:00+00:00,3756.045,3772.285,3755.898,3766.648,1.26545
2025-09-29 00:00:00+00:00,3766.648,3834.005,3763.665,3832.655,45.45184
2025-09-30 00:00:00+00:00,3832.685,3871.505,3792.875,3862.765,52.56181
2025-10-01 00:00:00+00:00,3862.775,3895.145,3853.055,3863.165,43.402992
2025-10-02 00:00:00+00:00,3863.195,3896.958,3819.095,3862.145,42.638207
2025-10-03 00:00:00+00:00,3862.105,3891.475,3837.785,3886.825,40.2545
2025-10-05 00:00:00+00:00,3887.955,3920.485,3883.248,3909.355,3.84377
2025-10-06 00:00:00+00:00,3909.425,3975.925,3898.658,3969.248,47.363267
2025-10-07 00:00:00+00:00,3969.248,3995.775,3940.685,3994.145,50.16873
2025-10-08 00:00:00+00:00,3994.098,4059.098,3984.045,4011.465,51.038405
2025-10-09 00:00:00+00:00,4011.448,4057.765,3943.788,3989.548,64.82517
2025-10-10 00:00:00+00:00,3989.399,4022.748,3946.675,4017.845,60.93834
2025-10-12 00:00:00+00:00,4000.535,4059.938,4000.535,4034.705,5.01317
2025-10-13 00:00:00+00:00,4034.885,4131.748,4024.295,4127.798,49.712188
2025-10-14 00:00:00+00:00,4127.898,4179.355,4089.805,4161.325,68.63252
2025-10-15 00:00:00+00:00,4161.305,4217.995,4153.465,4209.285,62.217065
2025-10-16 00:00:00+00:00,4209.285,4379.125,4203.175,4365.225,67.0333
2025-10-17 00:00:00+00:00,4365.205,4378.455,4185.425,4250.855,90.605085
2025-10-19 00:00:00+00:00,4247.775,4273.685,4233.298,4237.605,4.18915
2025-10-20 00:00:00+00:00,4237.625,4381.298,4218.505,4359.905,71.73724
2025-10-21 00:00:00+00:00,4360.005,4372.108,4078.259,4092.618,86.141249
2025-10-22 00:00:00+00:00,4092.618,4161.165,4003.298,4087.305,89.323617
2025-10-23 00:00:00+00:00,4087.295,4154.435,4065.405,4121.375,55.923227
2025-10-24 00:00:00+00:00,4121.405,4144.145,4043.618,4111.555,48.24788
2025-10-26 00:00:00+00:00,4064.051,4108.598,4061.315,4064.165,3.80161
2025-10-27 00:00:00+00:00,4064.275,4097.545,3971.068,3998.205,68.830294
2025-10-28 00:00:00+00:00,3998.175,4019.405,3886.199,3964.535,51.88146
2025-10-29 00:00:00+00:00,3964.535,4029.955,3916.348,3952.465,56.058182
2025-10-30 00:00:00+00:00,3952.495,4045.925,3915.065,4036.345,63.44997
2025-10-31 00:00:00+00:00,4036.225,4039.135,3971.965,4001.505,50.57089
2025-11-02 00:00:00+00:00,3983.498,3998.625,3977.415,3979.435,1.35834
2025-11-03 00:00:00+00:00,3979.285,4030.385,3962.325,3996.925,56.01879
2025-11-04 00:00:00+00:00,3996.975,4000.475,3928.475,3934.328,46.20656
2025-11-05 00:00:00+00:00,3934.325,3990.235,3929.648,3973.515,33.42845
2025-11-06 00:00:00+00:00,3973.475,4019.275,3964.355,3988.875,43.77585
2025-11-07 00:00:00+00:00,3988.905,4027.225,3983.855,4000.289,34.32816
2025-11-09 00:00:00+00:00,3997.898,4012.105,3996.698,4011.635,0.90555
2025-11-10 00:00:00+00:00,4011.665,4122.515,4010.915,4119.705,37.62511
2025-11-11 00:00:00+00:00,4119.995,4148.755,4096.845,4142.405,35.599815
2025-11-12 00:00:00+00:00,4142.375,4211.495,4098.665,4190.975,55.2768
2025-11-13 00:00:00+00:00,4190.965,4244.925,4144.965,4185.725,69.810672
2025-11-14 00:00:00+00:00,4185.795,4211.015,4031.955,4082.019,60.82001
2025-11-16 00:00:00+00:00,4084.898,4106.295,4070.395,4096.198,1.7131
2025-11-17 00:00:00+00:00,4096.248,4101.605,4006.735,4036.345,46.12407
2025-11-18 00:00:00+00:00,4036.435,4082.275,3997.658,4076.635,50.61179
2025-11-19 00:00:00+00:00,4076.595,4132.675,4055.248,4104.165,47.60808
2025-11-20 00:00:00+00:00,4104.265,4109.805,4038.605,4078.675,63.94997
2025-11-21 00:00:00+00:00,4078.665,4100.839,4022.075,4064.279,63.53061
2025-11-23 00:00:00+00:00,4070.098,4077.285,4064.745,4074.905,1.19017
2025-11-24 00:00:00+00:00,4074.895,4144.148,4039.945,4143.498,52.1483
2025-11-25 00:00:00+00:00,4143.298,4159.045,4109.415,4133.505,54.37014
2025-11-26 00:00:00+00:00,4133.525,4173.145,4132.445,4164.248,38.481321
2025-11-27 00:00:00+00:00,4163.825,4166.825,4142.425,4163.025,24.0515
2025-11-28 00:00:00+00:00,4163.025,4226.735,4150.075,4218.959,34.538584
2025-11-30 00:00:00+00:00,4222.298,4230.349,4204.348,4221.805,1.722792
2025-12-01 00:00:00+00:00,4221.575,4264.385,4215.275,4227.248,54.92373
2025-12-02 00:00:00+00:00,4227.348,4230.365,4163.458,4212.435,41.05344
2025-12-03 00:00:00+00:00,4212.405,4241.235,4194.405,4206.985,48.84079
2025-12-04 00:00:00+00:00,4206.955,4219.255,4175.005,4205.915,44.01392
2025-12-05 00:00:00+00:00,4205.975,4259.105,4191.815,4197.405,49.424616
2025-12-07 00:00:00+00:00,4199.615,4202.495,4193.385,4200.665,0.31039
2025-12-08 00:00:00+00:00,4201.245,4218.755,4175.998,4194.535,36.32301
2025-12-09 00:00:00+00:00,4194.435,4221.345,4169.845,4210.448,45.66969
2025-12-10 00:00:00+00:00,4210.448,4238.445,4181.565,4232.225,48.12989
2025-12-11 00:00:00+00:00,4232.235,4285.705,4203.905,4275.905,45.5748
2025-12-12 00:00:00+00:00,4275.905,4353.325,4256.845,4298.705,57.945312
2025-12-14 00:00:00+00:00,4299.298,4308.195,4293.798,4301.975,1.03157
2025-12-15 00:00:00+00:00,4302.155,4349.995,4285.055,4303.965,46.40684
2025-12-16 00:00:00+00:00,4303.955,4334.935,4271.125,4307.695,47.79002
2025-12-17 00:00:00+00:00,4307.765,4348.675,4306.305,4338.648,46.5134
2025-12-18 00:00:00+00:00,4338.648,4374.395,4308.285,4334.865,54.584656
2025-12-19 00:00:00+00:00,4334.845,4356.365,4308.715,4338.669,39.14564
2025-12-21 00:00:00+00:00,4338.898,4355.948,4336.635,4354.915,0.99799
2025-12-22 00:00:00+00:00,4354.885,4461.598,4354.885,4459.865,44.56244
2025-12-23 00:00:00+00:00,4459.865,4510.175,4429.975,4503.125,54.38094
2025-12-24 00:00:00+00:00,4503.095,4525.765,4447.895,4479.029,50.9264
2025-12-25 00:00:00+00:00,4490.045,4499.625,4482.655,4494.785,1.45741
2025-12-26 00:00:00+00:00,4494.875,4549.715,4491.535,4532.365,83.124077
2025-12-28 00:00:00+00:00,4538.698,4549.298,4522.625,4526.448,3.47083
2025-12-29 00:00:00+00:00,4526.448,4527.545,4300.698,4345.455,79.153717
2025-12-30 00:00:00+00:00,4345.465,4403.998,4324.195,4338.655,74.927563
2025-12-31 00:00:00+00:00,4338.655,4372.905,4273.805,4318.679,65.19928
2026-01-01 00:00:00+00:00,4323.698,4351.005,4323.198,4347.805,0.86305
2026-01-02 00:00:00+00:00,4347.798,4401.928,4309.618,4331.575,44.20763
2026-01-04 00:00:00+00:00,4360.875,4375.665,4344.425,4372.345,2.53048
2026-01-05 00:00:00+00:00,4372.275,4459.815,4370.025,4440.285,59.6616
2026-01-06 00:00:00+00:00,4440.285,4500.348,4427.725,4493.235,70.41068
2026-01-07 00:00:00+00:00,4493.185,4495.595,4423.135,4463.205,56.963134
2026-01-08 00:00:00+00:00,4463.145,4483.548,4407.485,4475.485,56.3438
2026-01-09 00:00:00+00:00,4475.445,4516.898,4452.585,4509.015,56.58375
2026-01-11 00:00:00+00:00,4520.298,4544.735,4511.898,4539.855,1.9448
2026-01-12 00:00:00+00:00,4539.775,4629.975,4536.055,4599.095,57.36969
2026-01-13 00:00:00+00:00,4599.205,4634.285,4569.185,4596.805,57.087195
2026-01-14 00:00:00+00:00,4596.795,4642.695,4596.745,4615.015,52.76982
2026-01-15 00:00:00+00:00,4614.935,4624.325,4580.815,4609.855,59.04851
2026-01-16 00:00:00+00:00,4609.835,4620.035,4536.515,4595.515,49.49297
2026-01-18 00:00:00+00:00,4625.755,4690.265,4618.988,4672.365,2.81757
2026-01-19 00:00:00+00:00,4672.375,4681.735,4652.845,4665.135,30.64414
2026-01-20 00:00:00+00:00,4665.145,4780.895,4659.245,4775.625,52.11814
2026-01-21 00:00:00+00:00,4775.605,4888.075,4755.345,4777.915,55.784404
2026-01-22 00:00:00+00:00,4777.875,4960.435,4772.185,4958.795,40.74589
2026-01-23 00:00:00+00:00,4958.785,4989.675,4899.545,4983.785,38.19971
2026-01-25 00:00:00+00:00,5003.285,5039.695,5001.098,5039.395,2.33516
2026-01-26 00:00:00+00:00,5039.525,5110.885,4989.805,5043.195,65.68283
2026-01-27 00:00:00+00:00,5043.225,5190.235,5013.595,5171.895,59.963426
2026-01-28 00:00:00+00:00,5171.975,5596.805,5157.115,5512.255,77.42513
2026-01-29 00:00:00+00:00,5512.795,5595.275,5098.765,5437.995,87.88641
2026-01-30 00:00:00+00:00,5437.995,5450.745,4679.725,4895.118,119.62531
2026-02-01 00:00:00+00:00,4817.598,4820.748,4694.575,4741.745,1.76572
2026-02-02 00:00:00+00:00,4741.725,4884.248,4401.038,4773.935,132.164715
2026-02-03 00:00:00+00:00,4773.975,4993.458,4744.808,4946.875,85.21512
2026-02-04 00:00:00+00:00,4946.895,5091.395,4844.165,5011.895,67.10657
2026-02-05 00:00:00+00:00,5011.705,5020.175,4702.915,4703.275,85.23178
2026-02-06 00:00:00+00:00,4703.265,4970.898,4654.355,4964.298,58.42251
2026-02-08 00:00:00+00:00,4980.098,5046.805,4962.605,5035.475,2.17988
2026-02-09 00:00:00+00:00,5035.475,5086.265,4967.835,5031.245,45.80338
2026-02-10 00:00:00+00:00,5031.095,5078.485,4998.685,5041.575,42.96272
2026-02-11 00:00:00+00:00,5041.535,5118.815,5017.995,5060.785,42.458387
2026-02-12 00:00:00+00:00,5060.625,5083.475,4877.255,4919.775,46.543635
2026-02-13 00:00:00+00:00,4919.875,5045.965,4913.505,5040.285,39.95796
2026-02-15 00:00:00+00:00,5035.898,5051.678,5006.628,5019.898,1.81444
2026-02-16 00:00:00+00:00,5019.655,5030.945,4964.868,4989.435,18.222498
2026-02-17 00:00:00+00:00,4989.465,4991.005,4840.095,4858.815,42.57743
2026-02-18 00:00:00+00:00,4858.855,5010.815,4857.848,4975.635,27.093934
2026-02-19 00:00:00+00:00,4975.615,5022.015,4960.048,4987.445,26.960162
2026-02-20 00:00:00+00:00,4987.508,5107.698,4981.315,5106.169,33.81093
2026-02-22 00:00:00+00:00,5106.098,5171.565,5096.958,5165.025,2.08629
2026-02-23 00:00:00+00:00,5164.255,5249.575,5121.818,5235.345,37.732392
2026-02-24 00:00:00+00:00,5235.395,5237.825,5093.225,5146.365,40.34911
2026-02-25 00:00:00+00:00,5146.395,5217.385,5136.535,5162.905,31.7464
2026-02-26 00:00:00+00:00,5162.925,5205.215,5129.495,5184.345,37.7868
2026-02-27 00:00:00+00:00,5184.375,5280.878,5166.535,5277.419,44.78192
2026-03-01 00:00:00+00:00,5372.198,5392.995,5296.668,5386.545,3.170581
2026-03-02 00:00:00+00:00,5386.675,5418.875,5260.095,5345.695,53.04669
2026-03-03 00:00:00+00:00,5345.755,5379.755,4995.475,5125.035,67.28969
2026-03-04 00:00:00+00:00,5125.015,5205.995,5105.348,5165.025,54.02221
2026-03-05 00:00:00+00:00,5164.995,5194.615,5050.638,5085.885,46.54664
2026-03-06 00:00:00+00:00,5085.835,5175.048,5062.125,5171.798,40.910049
2026-03-08 00:00:00+00:00,5178.935,5196.698,5043.468,5075.675,6.0477
2026-03-09 00:00:00+00:00,5075.295,5155.825,5014.655,5139.475,50.17022
2026-03-10 00:00:00+00:00,5139.305,5238.365,5124.465,5197.175,38.63221
2026-03-11 00:00:00+00:00,5197.175,5223.015,5129.175,5134.205,39.94004
2026-03-12 00:00:00+00:00,5134.225,5191.388,5054.795,5097.775,36.74626
2026-03-13 00:00:00+00:00,5097.725,5128.225,5009.495,5018.098,35.20716
2026-03-15 00:00:00+00:00,5003.001,5029.945,4967.125,4997.255,4.3996
2026-03-16 00:00:00+00:00,4997.275,5037.715,4970.115,5012.645,40.02467
2026-03-17 00:00:00+00:00,5012.575,5044.355,4973.495,5002.695,31.50515
2026-03-18 00:00:00+00:00,5002.705,5016.065,4803.845,4836.505,64.7124
2026-03-19 00:00:00+00:00,4836.495,4866.995,4502.108,4643.325,65.53923
2026-03-20 00:00:00+00:00,4643.205,4735.835,4477.125,4490.055,58.655195
2026-03-22 00:00:00+00:00,4470.705,4535.815,4448.835,4464.415,4.79612
2026-03-23 00:00:00+00:00,4464.435,4512.665,4098.275,4440.915,87.43357
2026-03-24 00:00:00+00:00,4440.895,4551.118,4305.565,4546.375,98.78051
2026-03-25 00:00:00+00:00,4546.335,4602.125,4486.508,4497.875,55.48146
2026-03-26 00:00:00+00:00,4497.845,4544.275,4350.995,4404.665,61.4889
2026-03-27 00:00:00+00:00,4404.775,4554.965,4375.235,4492.375,44.39073
2026-03-29 00:00:00+00:00,4491.518,4514.675,4443.485,4448.495,4.325398
2026-03-30 00:00:00+00:00,4448.675,4580.465,4417.665,4513.325,45.64218
2026-03-31 00:00:00+00:00,4513.375,4699.825,4482.115,4696.065,51.038929
2026-04-01 00:00:00+00:00,4695.965,4800.185,4666.605,4783.698,44.96072
2026-04-02 00:00:00+00:00,4783.655,4798.525,4553.158,4675.805,57.32121
2026-04-05 00:00:00+00:00,4651.645,4664.715,4604.378,4610.078,4.8128
2026-04-06 00:00:00+00:00,4610.078,4706.255,4600.385,4658.555,40.41945
2026-04-07 00:00:00+00:00,4659.155,4836.105,4607.335,4832.958,65.32183
2026-04-08 00:00:00+00:00,4832.958,4856.998,4699.235,4715.215,47.79605
2026-04-09 00:00:00+00:00,4715.375,4801.015,4698.085,4763.435,37.29869
2026-04-10 00:00:00+00:00,4763.485,4794.765,4730.205,4746.935,34.13602
2026-04-12 00:00:00+00:00,4634.998,4690.685,4634.998,4671.155,8.30273
2026-04-13 00:00:00+00:00,4671.175,4765.668,4664.325,4757.365,35.26908
2026-04-14 00:00:00+00:00,4757.405,4850.445,4751.285,4836.935,36.62044
2026-04-15 00:00:00+00:00,4836.965,4871.165,4785.885,4823.205,32.837608
2026-04-16 00:00:00+00:00,4822.995,4838.335,4772.898,4791.505,32.05597
2026-04-17 00:00:00+00:00,4791.475,4889.335,4768.0,4829.115,34.733682
2026-04-19 00:00:00+00:00,4767.405,4794.635,4736.635,4754.945,4.187197
2026-04-20 00:00:00+00:00,4754.995,4832.845,4744.295,4821.485,34.829109
2026-04-21 00:00:00+00:00,4821.795,4830.565,4668.275,4737.795,47.089116
2026-04-22 00:00:00+00:00,4737.765,4772.165,4723.008,4727.525,34.8159
2026-04-23 00:00:00+00:00,4727.505,4753.585,4664.045,4695.025,54.63431
2026-04-24 00:00:00+00:00,4695.025,4739.995,4657.485,4707.865,48.10827
2026-04-26 00:00:00+00:00,4697.248,4703.995,4674.655,4679.825,2.5662
2026-04-27 00:00:00+00:00,4679.715,4729.875,4667.055,4691.705,38.17193
2026-04-28 00:00:00+00:00,4691.855,4701.015,4554.675,4595.365,51.72325
2026-04-29 00:00:00+00:00,4595.385,4610.195,4509.875,4561.345,54.75022
2026-04-30 00:00:00+00:00,4561.325,4646.705,4540.545,4626.395,55.23936
2026-05-01 00:00:00+00:00,4626.305,4660.065,4560.045,4613.558,37.40874
2026-05-03 00:00:00+00:00,4632.938,4637.355,4611.105,4613.605,1.94263
2026-05-04 00:00:00+00:00,4613.578,4618.365,4500.665,4518.815,48.487131
2026-05-05 00:00:00+00:00,4518.825,4595.425,4513.265,4593.775,38.90077
2026-05-06 00:00:00+00:00,4593.735,4722.825,4588.015,4698.745,50.75175
2026-05-07 00:00:00+00:00,4698.695,4764.595,4675.648,4704.145,60.77652
2026-05-08 00:00:00+00:00,4704.085,4749.245,4693.835,4712.655,45.03994
2026-05-10 00:00:00+00:00,4681.255,4700.195,4678.165,4691.465,2.60854
2026-05-11 00:00:00+00:00,4691.395,4769.405,4647.825,4767.215,46.11453
2026-05-12 00:00:00+00:00,4767.215,4773.335,4638.225,4716.695,54.12738
2026-05-13 00:00:00+00:00,4716.905,4726.618,4669.415,4696.415,45.82721
2026-05-14 00:00:00+00:00,4696.395,4718.568,4643.965,4651.975,56.07846
2026-05-15 00:00:00+00:00,4651.935,4658.125,4511.215,4538.898,65.33423
2026-05-17 00:00:00+00:00,4531.698,4554.575,4526.498,4536.795,3.20559
2026-05-18 00:00:00+00:00,4536.825,4588.825,4480.065,4581.615,64.14634
2026-05-19 00:00:00+00:00,4582.005,4589.295,4464.615,4489.055,53.00018
2026-05-20 00:00:00+00:00,4489.075,4552.585,4453.145,4546.198,56.74642
2026-05-21 00:00:00+00:00,4546.198,4570.725,4488.335,4535.205,59.58112
2026-05-22 00:00:00+00:00,4535.305,4540.925,4491.605,4508.395,46.32697
2026-05-24 00:00:00+00:00,4535.098,4579.995,4532.885,4566.735,4.87222
2026-05-25 00:00:00+00:00,4566.765,4580.225,4550.315,4559.425,22.56199
2026-05-26 00:00:00+00:00,4559.555,4559.895,4482.365,4519.335,46.31266
2026-05-27 00:00:00+00:00,4519.228,4525.645,4401.325,4446.975,46.643639
2026-05-28 00:00:00+00:00,4446.955,4516.318,4366.048,4494.735,50.05675
2026-05-29 00:00:00+00:00,4494.795,4594.665,4491.695,4537.498,33.46161
2026-05-31 00:00:00+00:00,4519.755,4545.485,4517.555,4539.335,2.54453
2026-06-01 00:00:00+00:00,4539.295,4545.695,4447.515,4484.265,35.67714
2026-06-02 00:00:00+00:00,4484.455,4541.385,4461.905,4474.125,34.32694
2026-06-03 00:00:00+00:00,4474.095,4496.515,4423.685,4457.105,40.40394
2026-06-04 00:00:00+00:00,4457.215,4515.175,4442.945,4461.375,42.56998
2026-06-05 00:00:00+00:00,4461.405,4475.645,4311.498,4326.705,52.49122
2026-06-07 00:00:00+00:00,4326.898,4346.925,4309.688,4343.755,3.96472
2026-06-08 00:00:00+00:00,4343.835,4353.085,4268.125,4317.615,52.76906
2026-06-09 00:00:00+00:00,4317.575,4363.205,4210.115,4221.805,61.56531
2026-06-10 00:00:00+00:00,4221.805,4228.105,4023.585,4046.855,62.80519
2026-06-11 00:00:00+00:00,4047.105,4246.415,4035.848,4219.625,65.47892
2026-06-12 00:00:00+00:00,4219.558,4235.298,4169.955,4217.765,48.50624
2026-06-14 00:00:00+00:00,4273.098,4308.255,4259.585,4293.865,3.36643
2026-06-15 00:00:00+00:00,4293.835,4369.485,4285.185,4315.395,35.32666
2026-06-16 00:00:00+00:00,4315.375,4354.905,4306.665,4330.735,35.77408
2026-06-17 00:00:00+00:00,4330.765,4382.125,4218.805,4277.665,41.53918
2026-06-18 00:00:00+00:00,4277.685,4329.865,4186.745,4188.115,45.7659
2026-06-19 00:00:00+00:00,4187.998,4197.945,4121.438,4154.335,25.27114
